recno,Abell,RAJ2000,DEJ2000,VBCG,e_VBCG,VCl,e_VCl,SigCl,e_SigCl,Ng,AB,Notes,Alpha,Lm,Lm-2rm,Lm-4rm,Sigma,e_Sigma,rx,Xref
1,14,3.7957,-23.8823,19280,26,19397,111,474,118,18,0.094,"E473-G005",0.983,-22.872,-23.564,-24.069,219,15,73,R
2,27,6.1965,-20.7324,15519,0,16037,90,339,79,14,0.094,"E539-G013",0.289,-22.298,,,,,, 
3,71,9.4947,29.6035,22044,33,22044,33,,,2,0.21," ",0.397,-22.517,-22.74,,262,14,, 
4,74,9.5903,-22.3449,19013,46,19326,56,212,59,14,0.091," ",0.447,-22.927,-23.223,-23.461,315,6,, 
5,75,9.8692,21.2295,17610,42,17355,326,731,511,5,0.146," ",0.455,-22.728,,,295,12,, 
6,76,9.8597,6.734,11283,17,11969,148,491,120,11,0.179,"I1565 15K",0.552,-22.932,-23.329,,287,2,467,R
7,77,10.1181,29.5558,21424,35,21135,187,419,246,5,0.19,"U00428",0.789,-23.049,-23.589,-23.982,278,13,, 
8,85,10.4602,-9.3034,16581,56,16622,62,1009,31,263,0.162," ",1.039,-23.233,-23.848,-24.193,329,17,1,C
9,86,10.6762,-21.7745,18481,41,18887,111,415,72,14,0.086," ",0.676,-23.209,-23.648,-23.944,274,15,215,R
10,102,12.1301,1.3547,18946,37,19702,166,624,125,14,0.124,"U00496",0.539,-23.051,-23.435,-23.717,271,11,, 
11,114,13.5312,-21.7143,17290,45,17705,105,515,77,24,0.079," ",0.52,-23.076,-23.427,-23.702,299,13,, 
12,116,13.9435,0.645,20100,42,19992,92,629,80,46,0.122," ",0.47,-22.948,-23.236,-23.447,327,11,76,R
13,117,13.9662,-9.9857,16453,47,16460,63,629,49,99,0.156,"I1602",0.67,-23.224,-23.659,-23.963,323,11,177,R
14,119,14.0672,-1.2561,13338,22,13334,55,901,40,267,0.167,"U00579 15K",0.767,-23.046,-23.578,-23.909,283,13,23,C
15,133,15.6739,-21.882,17041,50,16759,94,790,63,70,0.08,"E541-G013",0.775,-22.987,-23.507,-23.888,273,13,5,C
16,134,15.6628,-2.6962,20639,31,21000,86,345,61,16,0.19," ",0.357,-22.486,-22.708,,188,24,1023,R
17,147,17.1579,2.2684,13149,56,13030,115,621,79,29,0.108,"15K",0.425,-22.819,-23.087,,289,3,450,R
18,150,17.3268,13.1687,17754,38,17750,191,664,151,12,0.122,"U00716",0.678,-22.921,-23.385,-23.743,258,18,34,R
19,151,17.213,-15.4072,15936,49,16011,66,795,59,144,0.113,"I0080",0.712,-23.138,-23.624,-24.035,308,12,49,R
20,152,17.5135,13.9778,17491,35,17611,99,844,59,72,0.154,"U00727",0.796,-22.719,-23.266,-23.659,239,15,, 
21,154,17.7647,17.6518,18236,39,19115,183,988,146,29,0.276,"I1635",0.601,-23.225,-23.644,-24.018,314,12,95,R
22,158,17.9387,16.8862,18958,38,18958,38,,,2,0.349," ",0.656,-22.705,-23.115,,262,16,, 
23,161,18.8433,37.3396,22185,45,22185,45,,,2,0.279," ",0.622,-22.596,-23.034,-23.463,228,17,, 
24,168,18.7404,0.4311,13546,50,13476,54,625,36,133,0.149,"U00797 15K",0.571,-22.848,-23.226,,253,1,286,R
25,171,19.3248,16.2652,20718,45,20718,45,,,2,0.466," ",0.561,-23.192,-23.569,-23.874,337,10,, 
26,174,20.0677,35.8072,22490,43,22490,43,,,2,0.25," ",0.596,-22.622,-23.022,,290,15,, 
27,179,20.5452,19.6205,15618,39,16187,127,284,0,5,0.224," ",0.42,-22.42,-22.694,,269,14,, 
28,189,20.8597,1.7049,10195,14,9600,66,332,46,25,0.142,"VV 509 15K",0.322,-22.109,,,212,10,, 
29,193,21.2814,8.6992,14664,43,14529,78,776,62,97,0.219,"I1695 15K",0.69,-22.944,-23.448,,462,39,1,C
30,194,21.4952,-1.3394,5296,20,5390,43,495,29,132,0.182,"N0545 15K",0.587,-22.611,-22.981,,262,6,57,R
31,195,21.7281,19.2139,12915,60,12656,85,306,58,13,0.236,"I0115 15K",0.41,-22.706,-22.985,,275,3,, 
32,208,22.8873,0.5558,23802,41,23729,76,601,50,61,0.102," ",0.625,-22.989,-23.439,-23.811,319,9,, 
33,225,24.7043,18.8251,20819,41,20832,269,660,272,6,0.249," ",0.708,-22.965,-23.439,-23.796,271,12,, 
34,240,25.5252,7.6646,18253,36,18253,36,,,3,0.181,"U01191",0.805,-22.788,-23.306,,240,20,, 
35,245,26.0341,6.3162,23391,34,23391,34,,,2,0.24," ",0.427,-22.401,-22.628,,202,28,, 
36,246,26.1812,5.8119,22691,51,22617,158,571,138,13,0.308," ",0.525,-22.556,-22.9,,316,16,37,R
37,257,27.2851,13.9629,21143,42,21054,72,499,42,47,0.239," ",0.571,-22.816,-23.164,,257,18,, 
38,260,27.679,33.0819,10642,19,10931,90,754,74,70,0.21,"I1733 15K",0.574,-22.973,-23.388,,298,10,, 
39,261,27.8603,-2.2532,13965,21,14159,69,183,61,7,0.125,"15K",0.564,-22.897,-23.283,,246,17,, 
40,262,28.1928,36.1515,4813,41,4860,44,540,38,150,0.373,"N0708 15K",0.734,-22.383,-22.856,,232,7,2,C
41,267,28.3134,1.0388,17963,34,17878,46,296,42,40,0.108," ",0.732,-22.326,-22.827,,206,22,576,C
42,268,28.2052,-1.0018,17917,29,17925,35,160,88,20,0.121," ",0.424,-22.087,-22.365,,192,26,, 
43,279,29.0707,1.0507,23680,34,24013,78,753,78,92,0.126," ",0.718,-23.162,-23.662,-24.08,268,12,206,R
44,292,30.5789,19.0669,19423,48,19423,48,,,3,0.34,"U01518",0.802,-23.074,-23.589,-23.971,289,16,, 
45,295,30.5718,-1.1279,12813,56,12694,49,406,37,66,0.122,"U01525 15K",0.539,-22.789,-23.185,,258,12,, 
46,311,32.3687,19.7761,19580,43,19580,43,,,1,0.751," ",0.742,-23.213,-23.726,-24.149,248,19,, 
47,326,33.4156,-7.1453,17052,51,16503,216,483,0,5,0.126," ",0.353,-22.183,-22.465,,336,0,, 
48,347,36.3603,41.8242,5234,14,5628,80,627,61,60,0.251,"N0910 15K",0.577,-22.524,-22.935,,269,16,, 
49,357,37.3652,13.2661,16948,48,16948,48,,,3,0.461," ",0.291,-22.06,,,225,19,, 
50,358,37.4957,-13.2649,16951,41,16855,97,322,232,11,0.073," ",0.669,-22.894,-23.317,-23.636,260,14,96,R
51,376,41.5168,36.9046,14560,36,14394,72,830,59,130,0.314,"U02232 15K",0.682,-22.861,-23.326,-23.686,265,22,75,R
52,386,42.5095,-17.0484,17835,34,17835,34,,,3,0.112," ",0.335,-22.555,-22.738,,276,9,, 
53,397,44.1205,15.9164,10381,17,9920,111,638,85,33,0.65,"U02413 15K",0.552,-22.882,-23.286,-23.572,314,3,, 
54,399,44.4715,13.0305,21415,49,21550,110,1224,62,122,0.759,"U02438",0.962,-23.236,-23.863,-24.378,242,24,26,C
55,400,44.424,6.0214,7250,10,7281,63,683,39,116,0.779,"N1128",0.677,-22.335,-22.899,,,,5,C
56,401,44.741,13.5826,22215,58,22045,104,1161,76,124,0.678,"U02450",0.929,-23.344,-23.985,-24.49,336,18,62,C
57,404,45.395,41.4873,18420,34,18686,101,202,145,4,0.525," ",0.539,-22.845,-23.192,,264,14,, 
58,407,45.465,35.8409,14059,110,13872,85,762,62,80,0.843,"U02489 15K",0.778,-22.819,-23.406,-23.898,,,, 
59,415,46.72,-12.1063,23588,53,24025,192,665,130,12,0.257," ",0.851,-22.952,-23.562,-24.04,253,21,62,R
60,423,47.822,-12.1284,23435,49,24147,404,1280,315,10,0.271," ",0.609,-22.792,-23.203,-23.511,294,11,, 
61,428,49.0522,-19.0822,19908,42,20024,62,317,51,26,0.127," ",0.286,-22.325,-22.481,,230,17,, 
62,436,51.6473,9.1841,19061,51,19061,51,,,2,1.189," ",0.622,-22.958,-23.388,-23.714,326,15,, 
63,450,55.2308,23.5922,17685,51,17685,51,,,2,0.881," ",0.405,-22.638,-22.899,,301,11,, 
64,496,68.407,-13.261,9839,7,9899,42,737,29,305,0.586,"15K",0.766,-23.198,-23.73,-24.152,290,4,3,C
65,498,69.4616,21.2053,17399,55,17399,55,,,1,1.725," ",0.62,-23.3,-23.724,-24.019,278,23,, 
66,500,69.719,-22.111,20340,48,20347,80,771,175,92,0.215," ",0.61,-23.114,-23.556,-23.957,365,10,36,R
67,505,74.9836,80.1784,16017,47,16017,47,,,1,0.409,"U03197",0.735,-23.609,-24.108,,383,14,, 
68,514,71.7771,-20.4811,21359,49,21638,129,1180,69,83,0.237," ",0.517,-23.137,-23.461,-23.671,358,10,1060,R
69,533,75.2844,-22.5828,14384,28,14563,119,610,157,26,0.151,"15K",0.487,-22.855,-23.177,-23.59,282,6,, 
70,539,79.2297,6.5526,9690,23,8710,94,833,40,78,0.726,"15K",0.457,-22.8,-23.153,,282,8,281,C
71,548,87.3406,-25.3464,11858,19,12293,59,795,28,178,0.124,"E488-G033 15K",0.474,-22.936,-23.256,-23.63,222,18,542,R
72,564,105.1685,69.9069,23188,34,23188,34,0,70,3,0.243," ",0.338,-22.709,,,182,16,, 
73,568,106.9232,35.0582,23496,48,23025,259,687,0,7,0.277," ",0.557,-23.2,-23.613,,299,35,, 
74,569,107.2823,48.6154,5839,3,5949,58,394,25,45,0.307,"N2329 15K",0.473,-22.708,-23.003,,245,3,, 
75,576,110.5285,55.8748,12087,21,11503,76,1093,37,205,0.325,"15K",0.298,-22.477,-22.619,,278,17,387,C
76,582,112.0035,41.9185,17518,5,17336,74,324,56,19,0.375," ",0.484,-22.819,-23.163,,288,15,, 
77,592,115.7208,9.2809,18697,35,18846,55,123,0,5,0.154," ",0.461,-22.948,-23.231,,342,10,, 
78,595,117.1535,52.222,19282,36,20705,85,601,56,49,0.237," ",0.402,-22.789,-23.032,,258,20,816,R
79,600,119.1492,63.7397,23302,34,23302,34,,,3,0.216," ",0.648,-22.725,-23.126,-23.497,191,24,, 
80,602,118.1166,29.5423,17784,28,18137,93,796,61,73,0.244," ",0.282,-22.385,-22.548,,,,1134,R
81,634,123.9371,58.3211,8139,13,7921,38,331,25,74,0.238,"U04289 15K",0.485,-22.603,-22.928,,251,9,, 
82,644,124.3569,-7.5128,21176,43,20982,148,960,114,42,0.471," ",0.796,-22.954,-23.549,-24.012,262,15,11,C
83,671,127.133,30.43,14970,120,14877,75,850,33,126,0.203,"I2378 15K",0.71,-23.306,-23.821,-24.232,,,111,R
84,690,129.8163,28.8439,23750,250,24045,66,546,46,68,0.24," ",0.633,-23.427,-23.882,-24.26,,,, 
85,695,130.3047,32.4161,20560,84,20282,80,402,52,25,0.168," ",0.596,-23.048,-23.412,,363,14,, 
86,744,136.8357,16.6514,21865,25,21844,76,445,920,34,0.15," ",0.662,-23.034,-23.473,-23.813,,,2,C
87,754,137.1347,-9.6303,16440,57,16374,50,995,35,389,0.277," ",0.748,-23.358,-23.879,,,,750,C
88,757,138.2826,47.7082,15415,0,15410,46,360,32,61,0.072," ",0.428,-22.423,-22.727,,250,9,, 
89,779,139.945,33.7496,6897,1,6885,39,450,23,133,0.073,"N2832 15K",0.593,-23.255,-23.685,,327,8,26,R
90,780,139.5238,-12.0955,16286,8,16356,139,871,112,39,0.193," ",0.794,-23.026,-23.532,-23.881,266,7,20,R
91,819,143.0709,9.6831,22912,95,22757,96,654,66,46,0.166," ",0.586,-23.146,-23.543,-23.791,,,, 
92,834,145.3872,66.7105,21307,50,20910,68,392,0,33,0.602," ",0.696,-22.768,-23.239,,254,24,, 
93,838,144.286,-5.0417,15668,39,15524,143,477,120,11,0.201," ",0.596,-22.638,-23.059,,226,6,, 
94,841,144.65,-4.3353,20838,34,20838,34,,,3,0.229," ",0.606,-23.114,-23.548,-23.897,273,10,, 
95,912,150.2892,-0.0796,13580,8,13660,66,369,49,31,0.158,"15K",0.44,-22.39,-22.663,-23.006,207,15,, 
96,957,153.4095,-0.9254,13387,19,13497,70,772,52,119,0.181,"U05515 15K",0.759,-23.297,-23.84,-24.287,332,0,169,R
97,970,154.3572,-10.6892,17496,38,17682,72,841,75,135,0.233," ",0.559,-22.388,-22.83,,,,120,R
98,978,155.1107,-6.527,16211,29,16215,87,837,55,91,0.181," ",0.615,-23.135,-23.594,-23.965,248,4,23,R
99,979,155.0804,-7.8937,15907,39,15919,129,484,86,14,0.214," ",0.605,-22.869,-23.271,-23.561,284,5,, 
100,993,155.4832,-4.8905,16300,52,16213,50,513,37,104,0.212," ",0.552,-23.221,-23.57,-23.8,294,15,25,R
101,999,155.8494,12.8349,9750,10,9621,38,286,25,56,0.175,"15K",0.441,-22.689,-23.017,,241,31,, 
102,1003,156.257,47.8416,19153,40,18726,72,501,50,48,0.049,"VV 675",0.644,-22.748,-23.169,,324,10,, 
103,1016,156.783,11.0103,9711,5,9693,30,204,53,45,0.137,"I0613 15K",0.433,-22.497,-22.799,,255,2,, 
104,1020,156.9567,10.4416,19611,10,19598,68,314,41,21,0.148," ",0.448,-22.924,-23.231,,302,7,481,R
105,1032,157.5425,4.0068,19823,40,19990,114,706,47,38,0.141," ",0.391,-22.768,-23.007,,269,16,543,R
106,1035,158.0584,40.2711,23951,150,23524,115,814,79,50,0.056," ",0.6,-23.154,-23.542,-23.824,,,128,R
107,1060,159.1773,-27.5286,3858,5,3714,37,712,25,371,0.342,"N3311 15K",0.846,-22.764,-23.346,,208,12,0,C
108,1066,159.9119,5.1751,21216,7,20718,79,817,55,105,0.11," ",0.568,-22.823,-23.244,-23.563,308,6,, 
109,1069,159.9313,-8.687,19612,57,19589,85,706,66,69,0.175," ",0.757,-23.13,-23.696,-24.05,,,110,R
110,1090,161.4225,-18.3571,22994,0,22994,0,,,1,0.174," ",0.518,-22.706,-23.078,,,,, 
111,1100,162.1905,22.2176,13981,35,13947,47,451,0,89,0.093,"15K",0.562,-22.803,-23.184,,246,32,, 
112,1139,164.5459,1.6043,11515,20,11839,37,436,25,136,0.135,"U06057 15K",0.583,-22.744,-23.162,,263,20,197,R
113,1142,165.1891,10.5532,10138,39,10595,79,757,44,91,0.125,"I0664 15K",0.543,-22.768,-23.189,,297,7,52,R
114,1145,165.3681,16.768,20704,100,20565,49,322,134,43,0.082," ",0.364,-22.254,-22.478,,,,, 
115,1149,165.7401,7.6031,21247,35,21522,50,314,37,39,0.173," ",0.609,-22.961,-23.346,,283,12,, 
116,1155,166.1649,35.2295,22139,95,22063,52,277,41,28,0.101," ",0.504,-22.664,-23.016,,,,, 
117,1169,166.956,43.9166,17531,6,17664,78,738,49,89,0.05," ",0.407,-22.437,-22.717,,269,23,143,R
118,1171,166.875,2.9101,22666,38,22459,91,388,56,18,0.225," ",0.307,-22.636,-22.814,,258,15,578,R
119,1177,167.4355,21.7588,9561,26,9597,49,331,59,45,0.077,"N3551 15K",0.726,-22.888,-23.391,-23.826,231,13,, 
120,1185,167.6597,28.7675,10521,30,9791,56,758,54,183,0.124,"N3550 15K",0.621,-22.882,-23.27,,,,161,R
121,1186,168.509,75.4309,23540,30,23540,30,,,1,0.263," ",0.522,-22.306,-22.672,,,,, 
122,1187,167.7902,39.5976,23714,0,22397,118,952,55,65,0.094," ",0.599,-23.077,-23.479,-23.764,,,428,R
123,1190,167.932,40.8205,23489,36,22584,64,671,43,110,0.075," ",0.802,-22.935,-23.488,-23.875,230,23,, 
124,1203,168.451,40.2856,22655,38,22565,55,552,36,99,0.121," ",0.582,-23.078,-23.485,-23.8,280,15,, 
125,1213,169.0953,29.2523,13535,35,14051,51,572,43,125,0.08,"15K",0.516,-22.884,-23.185,,281,19,, 
126,1216,169.5337,-4.4303,15885,24,15994,78,390,51,25,0.217," ",0.452,-22.633,-22.921,,,,, 
127,1228,170.3466,34.3568,10674,29,10549,28,246,23,76,0.102,"I2738 15K",0.428,-22.49,-22.784,,,,183,R
128,1238,170.7267,1.1142,21628,150,22149,58,564,46,94,0.155," ",0.703,-22.819,-23.332,-23.799,,,130,R
129,1257,171.3796,35.5042,10175,39,10430,138,1202,58,75,0.098,"15K",0.248,-22.233,,,260,8,, 
130,1267,172.1517,26.9054,9795,39,9880,34,210,52,38,0.081,"15K",0.334,-22.546,-22.747,,257,7,, 
131,1279,172.9149,67.2414,16258,18,16293,38,186,30,23,0.05," ",0.542,-22.636,-22.997,,236,3,, 
132,1291,173.0499,56.0477,17556,67,17502,78,724,53,85,0.08," ",0.378,-22.549,-22.752,,,,298,R
133,1308,173.2712,-4.0138,15535,27,15465,67,375,31,31,0.199,"15K",0.55,-23.207,-23.613,-23.918,282,12,, 
134,1314,173.7059,49.0773,9999,31,9877,58,648,25,123,0.071,"I0712 15K",0.544,-22.888,-23.315,-23.718,291,23,71,R
135,1317,173.8044,-13.5519,21632,40,21706,185,717,111,15,0.16," ",0.645,-23.036,-23.547,-24.05,313,13,87,R
136,1318,174.3931,54.8529,17335,37,16992,59,482,36,66,0.057," ",0.477,-22.86,-23.169,,293,12,1458,R
137,1334,174.7656,-4.3177,16882,49,16706,102,687,70,45,0.218," ",0.419,-22.701,-22.98,,265,4,, 
138,1344,175.221,-10.7238,23213,6,23300,68,137,142,4,0.125," ",0.672,-23.19,-23.645,-24.041,302,0,, 
139,1365,176.1274,30.8831,22904,41,22709,78,369,61,22,0.104," ",0.443,-22.812,-23.107,,283,11,91,R
140,1367,176.009,19.9496,6276,21,6562,59,872,42,217,0.1,"N3842 15K",0.547,-23.036,-23.384,,308,3,354,R
141,1371,176.329,15.4867,20348,45,20475,68,577,50,71,0.188," ",0.611,-22.827,-23.25,-23.663,260,16,198,R
142,1375,176.5157,-8.2711,22338,50,23951,285,570,530,4,0.209,"I0734",0.517,-23.344,-23.666,-23.85,296,5,, 
143,1377,176.8394,55.7297,15457,36,15465,66,745,47,126,0.047," ",0.466,-22.759,-23.083,-23.339,294,11,140,R
144,1383,177.1909,54.519,17988,51,17898,85,816,39,92,0.057," ",0.377,-22.56,-22.785,,,,947,R
145,1400,177.8067,55.1161,23684,60,23819,78,332,53,18,0.058," ",0.715,-22.536,-22.981,,,,190,R
146,1404,178.0518,-2.805,23182,46,23251,74,365,52,24,0.08," ",0.463,-22.721,-23.015,-23.267,232,5,, 
147,1424,179.371,5.0889,23150,13,22708,77,697,55,80,0.089," ",0.565,-23.259,-23.631,,313,4,168,R
148,1436,179.8603,56.4036,18889,36,19464,71,703,36,97,0.077," ",0.329,-22.638,-22.837,,302,12,968,R
149,1452,180.8684,51.7153,18229,37,18608,86,560,63,42,0.098," ",0.501,-22.901,-23.232,,327,12,, 
150,1461,181.1035,42.5615,16180,27,15984,66,402,35,37,0.045," ",0.47,-22.58,-22.869,,250,22,, 
151,1474,182.0659,15.038,24327,38,24135,94,739,42,61,0.138," ",0.53,-22.347,-22.675,,,,, 
152,1507,183.703,59.906,18438,30,18024,50,405,48,65,0.082,"N4199",0.64,-22.887,-23.305,,,,139,R
153,1520,184.896,-13.4368,21260,30,20853,92,320,180,12,0.238," ",0.704,-23.405,-23.899,-24.332,290,13,, 
154,1534,186.1789,61.4705,21008,7,20983,64,371,55,33,0.081," ",0.569,-23.095,-23.489,-23.801,299,7,157,R
155,1569,189.0342,16.6411,23597,4,23814,105,622,1314,35,0.123,"I3557",0.719,-23.318,-23.776,-24.088,314,12,5,C
156,1589,190.323,18.5743,20955,0,21643,99,899,546,82,0.09," ",0.66,-23.43,-23.888,-24.293,,,, 
157,1610,191.9402,30.0769,18174,0,18659,62,292,403,22,0.07,"I0822",0.476,-23.242,-23.574,-23.807,,,, 
158,1630,192.9729,4.5796,19355,47,19529,71,441,53,38,0.159," ",0.617,-23.058,-23.469,-23.799,316,11,157,R
159,1631,193.3258,-15.5328,14278,3,13830,43,753,24,305,0.235,"15K",0.665,-23.083,-23.519,-23.884,254,23,, 
160,1644,194.299,-17.4097,14267,49,14120,61,1016,49,273,0.309,"15K",1.003,-23.184,-23.847,-24.336,212,34,2,C
161,1648,194.7155,-26.6492,23462,53,23182,294,721,382,6,0.339," ",0.483,-23.004,-23.402,-23.713,296,8,, 
162,1656,195.0335,27.9767,6498,10,6960,38,1035,25,713,0.035,"N4889 15K",0.597,-23.417,-23.823,,386,2,256,R
163,1691,197.7863,39.2267,21686,16,21723,79,784,45,97,0.074," ",0.799,-23.236,-23.752,-24.132,257,3,45,R
164,1709,199.6266,-21.4416,15429,45,15700,114,414,173,13,0.585," ",0.536,-23.032,-23.364,-23.683,283,5,, 
165,1736,201.8668,-27.3243,13608,65,13530,95,1127,54,139,0.25,"I4252 15K",0.591,-23.503,-23.897,-24.248,303,11,687,C
166,1741,201.1101,71.4055,22650,42,22650,42,,,2,0.064," ",0.417,-22.784,-23.066,,265,14,, 
167,1749,202.3377,37.6227,16881,7,16838,94,707,66,56,0.047,"I4269",0.557,-23.168,-23.569,-23.894,302,7,28,R
168,1767,204.0354,59.2061,21194,150,21150,78,887,31,127,0.047," ",0.79,-23.216,-23.768,-24.149,,,25,R
169,1773,205.5404,2.227,23232,6,23257,84,839,59,98,0.124," ",0.585,-22.972,-23.391,-23.834,383,21,72,R
170,1775,205.4551,26.3736,22616,39,22581,64,568,60,77,0.05,"U08669",0.715,-23.208,-23.706,-24.08,285,20,48,R
171,1780,206.136,2.9538,23259,42,23276,74,590,44,62,0.114," ",0.469,-22.913,-23.21,-23.257,259,12,461,R
172,1795,207.2191,26.5927,19019,92,18797,64,861,56,177,0.055," ",0.783,-22.984,-23.556,-24.03,,,12,C
173,1800,207.3484,28.107,22554,42,22590,84,767,190,82,0.066,"U08738",0.94,-23.315,-23.924,-24.35,324,17,83,R
174,1809,208.2769,5.1494,23618,40,23822,71,745,30,110,0.112," ",0.61,-23.432,-23.864,-24.265,,,47,R
175,1825,209.5019,20.6318,18050,10,18919,154,1024,0,44,0.136,"U08888",0.565,-22.848,-23.238,-23.53,,,, 
176,1827,209.5256,21.6722,19917,39,19743,49,282,76,32,0.136," ",0.463,-22.917,-23.205,,300,11,, 
177,1828,209.5617,18.3459,18830,20,18736,94,388,84,17,0.124," ",0.342,-22.628,-22.845,,,,, 
178,1831,209.8131,27.976,22777,41,22644,111,1176,118,112,0.083," ",0.792,-23.337,-23.886,-24.318,331,12,51,R
179,1836,210.4243,-11.6063,11231,68,11275,48,354,37,54,0.277,"15K",0.603,-23.16,-23.539,-23.811,286,16,, 
180,1873,212.8771,28.1707,22983,44,22594,169,656,0,15,0.085," ",0.451,-22.287,-22.599,,317,13,79,R
181,1890,214.4077,8.1792,17569,16,17294,61,550,59,80,0.147,"N5539",0.674,-23.382,-23.838,-24.164,335,4,236,R
182,1898,215.1374,25.3439,23695,24,23589,74,419,111,32,0.09," ",0.623,-22.82,-23.245,-23.564,,,1155,R
183,1899,215.4241,17.752,16445,39,15796,89,646,0,52,0.112," ",0.481,-22.698,-22.986,-23.168,262,13,, 
184,1904,215.5429,48.5701,21555,0,21533,66,772,31,134,0.09," ",0.682,-23.262,-23.729,-24.069,,,289,R
185,1913,216.8215,16.8307,15452,39,15944,60,636,130,111,0.106,"I4426",0.459,-22.928,-23.223,,248,15,896,R
186,1964,221.6482,-8.7685,21313,44,21313,44,,,2,0.364," ",0.56,-22.788,-23.225,-23.647,313,12,, 
187,1982,222.8104,30.6919,16494,62,16775,241,1325,0,30,0.088," ",0.644,-22.823,-23.249,-23.541,,,, 
188,1983,223.1802,16.9036,13829,39,13499,48,541,27,122,0.114,"15K",0.367,-22.736,-22.953,,304,6,653,R
189,1991,223.6314,18.642,17752,14,17538,69,604,57,76,0.144,"N5778",0.822,-22.967,-23.537,-23.937,269,5,11,C
190,2022,226.0664,28.4963,16938,0,17354,68,607,74,79,0.12," ",0.644,-23.035,-23.504,-23.934,,,61,R
191,2028,227.3677,7.5563,23148,35,23213,89,658,57,54,0.149," ",0.655,-23.221,-23.663,-24.028,,,, 
192,2029,227.7337,5.7444,23401,9,23186,124,1222,75,97,0.17,"I1101",0.935,-23.731,-24.385,-24.924,386,2,1,C
193,2040,228.1989,7.4339,13734,47,13530,52,567,39,119,0.186,"U09767 15K",0.678,-22.542,-23.113,-23.556,246,15,39,R
194,2052,229.1856,7.0213,10314,14,10406,65,681,41,109,0.16,"U09799 15K",0.855,-22.946,-23.534,-23.991,203,20,0,C
195,2061,230.336,30.6706,23706,34,23436,66,851,28,166,0.091," ",0.554,-23.383,-23.775,-24.147,,,176,R
196,2063,230.7728,8.6092,10269,36,10474,78,930,57,141,0.147,"15K",0.776,-22.753,-23.248,-23.576,198,19,11,C
197,2065,230.6005,27.7141,20740,15,21667,109,1286,140,137,0.174," ",0.623,-22.737,-23.149,,265,1,105,C
198,2067,230.7852,30.8771,22061,54,22346,69,621,31,80,0.093," ",0.759,-22.552,-23.059,,,,40,R
199,2079,231.9383,28.9286,19616,33,19828,68,676,41,97,0.096,"U09861",0.775,-23.247,-23.807,-24.41,289,6,158,R
200,2089,233.2082,28.0392,22073,21,22072,80,593,57,55,0.123," ",0.582,-23.173,-23.584,-23.943,330,7,, 
201,2092,233.3144,31.1446,20410,45,19979,53,470,49,77,0.11," ",0.631,-22.38,-22.833,,,,132,R
202,2107,234.9127,21.7821,12611,60,12429,66,629,46,90,0.247,"U09958 15K",0.741,-23.231,-23.736,-24.117,308,12,1,C
203,2147,240.571,15.9743,10617,42,10978,54,1033,33,359,0.139,"U10143 15K",0.694,-22.85,-23.303,-23.734,280,10,0,C
204,2151,241.149,17.7217,10552,23,10937,46,842,30,335,0.205,"N6041A 15K",0.75,-22.813,-23.318,-23.634,299,5,1,C
205,2152,241.372,16.4364,13249,59,13243,50,456,62,81,0.172,"U10187 15K",0.412,-22.786,-23.037,-23.154,282,10,63,R
206,2162,243.1489,29.4843,9581,5,9679,57,435,37,57,0.161,"N6086 15K",0.493,-22.996,-23.349,,303,17,49,R
207,2184,245.2711,50.2223,16017,6,16361,124,634,357,26,0.092," ",0.353,-22.253,-22.457,,247,8,, 
208,2197,247.4377,40.8118,8825,8,9093,41,615,21,216,0.031,"N6173 15K",0.574,-23.356,-23.742,-24.034,276,2,886,R
209,2198,246.9807,43.948,17485,32,17581,69,208,60,9,0.031," ",0.292,-22.002,-22.136,,209,20,, 
210,2199,247.1602,39.5508,9317,10,9088,38,819,32,454,0.05,"N6166 15K",0.76,-23.135,-23.646,-24.053,297,5,1,C
211,2241,254.7856,32.5005,18467,60,18573,57,275,42,23,0.13," ",0.574,-22.495,-22.838,,,,, 
212,2247,253.2003,81.6328,11135,18,11583,75,353,59,22,0.274,"U10638 15K",0.367,-22.59,-22.819,,257,14,, 
213,2248,254.7646,77.0476,19481,60,19128,306,1224,1758,16,0.168," ",0.469,-22.747,-23.054,,,,424,R
214,2250,257.7555,39.6903,19721,40,19416,160,699,0,19,0.186," ",0.544,-22.699,-23.121,-23.56,297,15,, 
215,2256,256.1144,78.6401,17808,53,17461,75,1301,42,299,0.227,"U10726",0.737,-23.205,-23.675,-24.0,,,143,C
216,2271,259.5696,78.0182,16962,45,17133,162,538,135,11,0.183," ",0.783,-23.042,-23.576,-23.942,289,14,17,R
217,2293,270.5712,57.548,21151,35,20782,337,754,0,5,0.225," ",0.51,-22.722,-23.07,,222,17,, 
218,2308,278.5358,70.9552,23970,39,23970,39,,,2,0.287," ",0.657,-22.962,-23.39,-23.693,269,15,, 
219,2309,279.7795,77.8395,15393,49,15393,49,,,3,0.318," ",0.571,-22.817,-23.203,,298,13,, 
220,2325,307.5258,-24.9837,24129,51,24154,146,293,0,4,0.225," ",0.517,-22.76,-23.055,,253,10,, 
221,2331,314.5507,-7.7599,23681,44,24092,141,788,101,31,0.348," ",0.81,-22.803,-23.349,-23.798,253,16,246,R
222,2361,324.7629,-14.3646,17987,54,18260,46,313,36,46,0.231," ",0.368,-22.836,-23.088,,,,, 
223,2362,325.0611,-14.2315,18379,35,18238,47,321,39,45,0.242," ",0.48,-23.09,-23.416,,307,12,, 
224,2366,325.7031,-6.8687,16130,31,15908,69,540,49,61,0.189," ",0.554,-23.095,-23.501,,279,10,175,R
225,2370,326.0999,-19.441,17728,36,17783,281,744,260,7,0.158," ",0.257,-21.729,,,240,22,, 
226,2372,326.3148,-19.9947,17623,39,17857,231,612,183,7,0.154," ",0.497,-22.92,-23.245,-23.508,267,13,, 
227,2382,327.982,-15.7063,19704,40,19170,66,900,81,184,0.248," ",0.794,-22.854,-23.402,,243,13,93,R
228,2383,327.8515,-21.0779,17224,54,17252,33,75,162,5,0.164," ",0.271,-22.081,-22.257,,,,, 
229,2388,328.4138,8.2524,18202,36,18202,36,,,1,0.209," ",0.581,-22.515,-22.91,,215,27,, 
230,2399,329.2572,-7.8397,18630,35,17370,51,713,27,190,0.168," ",0.516,-22.832,-23.154,,276,19,193,R
231,2401,329.5939,-20.1046,17379,48,17164,83,470,62,32,0.126," ",0.574,-23.079,-23.457,,304,12,58,R
232,2405,329.926,-17.8009,10961,41,11045,78,234,47,9,0.179," ",0.33,-22.416,-22.645,,254,11,, 
233,2412,331.0102,-21.4482,21963,42,21620,370,1282,281,12,0.161," ",0.422,-22.73,-23.111,,269,13,314,R
234,2415,331.3591,-5.7424,17007,31,17291,70,722,202,105,0.286," ",0.543,-22.934,-23.277,-23.578,283,9,600,R
235,2457,338.9204,1.4845,17602,43,17608,67,642,53,91,0.363," ",0.617,-23.226,-23.641,-23.977,327,14,21,R
236,2459,339.1904,-15.7347,21822,42,21898,234,620,218,7,0.225," ",0.397,-22.817,-23.051,,276,13,, 
237,2462,339.7976,-17.3413,22281,53,22235,96,702,67,53,0.153," ",0.567,-23.133,-23.556,-23.932,349,9,1,C
238,2469,340.1448,12.3115,18918,40,18918,40,,,2,0.213," ",0.428,-22.436,-22.669,,221,20,, 
239,2480,341.4961,-17.6258,20450,41,21640,237,823,187,12,0.123," ",0.472,-23.176,-23.488,-23.752,305,13,, 
240,2492,342.6269,-19.243,20728,39,20968,233,739,336,10,0.123," ",0.569,-22.891,-23.267,,287,11,125,R
241,2495,342.5824,10.9033,23895,45,23744,212,638,188,9,0.329," ",0.92,-22.833,-23.51,-24.054,258,15,, 
242,2511,344.7129,-7.5828,23078,51,23359,238,534,816,5,0.192," ",0.377,-22.499,-22.723,,258,19,, 
243,2524,345.7331,17.7498,24304,33,23902,173,627,175,13,0.4," ",0.595,-23.103,-23.489,-23.823,,,, 
244,2525,346.0086,-10.7519,23554,47,23568,81,425,48,27,0.167," ",0.535,-22.579,-22.945,,301,11,, 
245,2558,348.1816,10.3619,19450,38,19450,38,,,2,0.188," ",0.546,-22.554,-22.942,,270,14,, 
246,2559,348.2615,-13.6233,23770,44,23749,57,163,75,8,0.14," ",0.801,-23.07,-23.603,-23.984,276,16,, 
247,2572,349.3064,18.7078,12175,61,11638,62,593,36,90,0.222,"N7578B 15K",0.54,-22.785,-23.238,,323,8,57,R
248,2589,350.9898,16.7766,12442,57,12394,84,872,60,107,0.129,"N7647 15K",0.755,-22.886,-23.403,-23.828,289,9,3,C
249,2593,351.084,14.6473,12507,28,12532,43,644,23,217,0.188,"N7649 15K",0.795,-22.828,-23.315,,248,7,10,R
250,2618,353.5233,22.983,21036,36,21036,36,,,2,0.343," ",0.648,-23.33,-23.772,-24.137,304,11,, 
251,2622,353.7563,27.3719,18417,38,18296,114,860,121,56,0.246," ",0.64,-22.956,-23.369,-23.624,295,16,55,R
252,2625,354.456,20.8091,17200,46,18063,235,1506,171,41,0.295," ",0.452,-22.963,-23.263,,269,15,2065,R
253,2626,354.1276,21.1466,16559,38,16505,73,648,53,78,0.27,"I5338",0.856,-22.971,-23.501,-23.784,278,18,2,C
254,2630,354.5735,15.6689,19788,39,20087,68,420,1336,38,0.265," ",0.489,-22.965,-23.26,,273,20,, 
255,2634,354.6227,27.0305,9105,44,9343,66,919,45,193,0.303,"N7720 15K",0.627,-23.097,-23.553,-23.869,366,8,24,R
256,2637,354.7225,21.4644,21283,37,21104,90,361,59,16,0.187," ",0.494,-23.199,-23.512,-23.768,285,15,177,R
257,2644,355.2803,0.0949,20599,33,20684,205,943,50,21,0.127," ",0.5,-22.756,-23.07,-23.283,303,12,78,R
258,2656,356.1805,-4.0123,23034,41,22926,262,695,280,7,0.165," ",0.772,-22.861,-23.344,-23.627,286,12,, 
259,2657,356.127,9.2643,12296,59,12019,105,807,52,59,0.546,"15K",0.336,-22.408,-22.605,,206,16,376,C
260,2660,356.3166,-25.8358,16398,59,15953,107,870,71,65,0.088,"E537-G005",0.553,-22.649,-23.021,,225,17,154,R
261,2665,357.7109,6.1492,16840,57,16840,57,,,3,0.345," ",0.804,-23.137,-23.669,-24.1,285,24,, 
262,2666,357.7444,27.1466,8165,43,8240,66,377,47,32,0.168,"N7768 15K",0.547,-23.054,-23.389,-23.726,292,8,65,R
263,2670,358.557,-10.4193,23290,51,22870,66,963,34,208,0.187," ",0.686,-23.342,-23.848,-24.25,299,7,68,R
264,2675,358.9278,11.3429,22168,44,21559,117,372,156,10,0.362," ",0.572,-22.889,-23.263,-23.555,256,22,176,R
265,2678,359.0014,11.7238,21475,41,21552,108,361,156,11,0.347," ",0.487,-22.682,-22.982,,285,18,, 
266,2716,0.7546,-27.1355,20134,78,19905,91,683,58,56,0.072," ",0.323,-22.786,-22.995,-23.158,451,10,, 
267,2717,0.8032,-35.938,14853,34,14814,60,568,40,89,0.045,"E349-G022 15K",0.908,-22.667,-23.344,-23.886,235,10,16,C
268,2731,2.496,-57.0216,9434,33,9236,86,564,76,43,0.064,"N0025 15K",0.51,-22.79,-23.151,,291,6,, 
269,2734,2.8406,-28.8548,18456,39,18461,68,843,49,151,0.072,"E409-G025",0.864,-22.893,-23.454,-23.884,236,15,44,R
270,2764,5.1489,-49.2132,21424,55,21370,177,924,119,27,0.073,"E194-G006",0.528,-23.223,-23.558,-23.779,357,6,, 
271,2771,6.134,-40.1253,20839,40,20984,56,285,46,26,0.039," ",0.563,-22.862,-23.261,-23.652,263,5,, 
272,2793,8.4373,-82.6024,17498,23,17498,23,,,2,0.691," ",0.304,-22.21,,,301,10,, 
273,2799,9.3651,-39.1301,19015,23,19042,58,475,40,67,0.056," ",0.533,-22.619,-22.93,-23.06,271,13,, 
274,2800,9.4902,-25.0741,18999,24,18948,48,397,29,66,0.066," ",0.503,-22.954,,,271,10,, 
275,2806,10.202,-56.2148,8188,37,8291,67,435,78,42,0.065,"N0215 15K",0.351,-22.664,-22.885,,285,9,, 
276,2810,10.374,-61.0817,17138,26,17221,113,321,0,8,0.06," ",0.451,-22.553,-22.845,-22.998,265,12,, 
277,2819,11.5212,-63.5555,22369,49,22396,64,445,46,48,0.1," ",0.297,-22.93,-23.142,,274,7,, 
278,2824,12.1252,-21.3606,18382,39,18131,94,311,104,11,0.07," ",0.437,-22.638,-22.895,,250,13,, 
279,2836,13.2174,-47.6247,23684,0,23684,0,,,2,0.067," ",0.325,-22.409,-22.596,,,,, 
280,2841,13.7691,-48.9383,19342,28,19360,19,38,850,4,0.045," ",0.554,-22.952,-23.333,,265,10,, 
281,2854,15.1947,-50.535,18209,27,18541,63,397,45,39,0.062,"E195-G022",0.659,-22.402,-22.879,,256,10,, 
282,2859,15.5518,-67.5813,19491,43,19825,9,21,0,5,0.078," ",0.486,-22.657,,,283,6,, 
283,2864,16.0347,-66.9799,20948,47,20948,47,,,3,0.086," ",0.488,-22.325,-22.645,-22.92,240,6,, 
284,2870,16.9243,-46.9087,6728,45,6744,170,1165,46,47,0.058,"I1625 15K",0.59,-22.736,-23.129,-23.396,292,16,, 
285,2877,17.4784,-45.9326,7216,19,7335,98,991,63,102,0.051,"I1633 15K",0.594,-23.518,-23.939,,360,46,69,R
286,2881,17.8089,-17.0707,13208,57,13674,377,1510,202,16,0.086,"15K",0.39,-22.292,-22.53,,223,3,, 
287,2896,19.5775,-37.1047,9473,28,9923,351,995,537,8,0.077,"E352-G038 15K",0.353,-22.548,,,238,7,, 
288,2923,23.0894,-31.0925,21376,37,21395,70,377,50,29,0.089," ",0.533,-23.048,-23.352,-23.542,274,5,, 
289,2954,28.9372,-71.4585,16943,87,16975,29,71,43,6,0.141," ",0.163,-21.906,-22.03,,,,, 
290,2992,33.7125,-26.6601,17389,21,17259,79,463,46,34,0.06," ",0.34,-22.569,-22.799,-23.046,257,7,, 
291,3004,34.7164,-47.9995,19866,20,19686,188,625,192,11,0.107," ",0.521,-22.728,-23.073,,223,8,, 
292,3009,35.5305,-48.5645,19754,26,19731,189,846,170,20,0.071," ",0.712,-23.151,-23.608,-23.892,249,13,, 
293,3027,37.483,-33.1779,23761,38,23020,91,909,40,99,0.097," ",0.622,-22.752,-23.191,-23.561,237,6,, 
294,3045,40.922,-51.4615,22623,41,22569,274,727,419,7,0.116," ",0.463,-22.807,-23.132,,258,9,, 
295,3074,44.5472,-52.7287,21790,44,21578,113,299,107,7,0.084," ",0.732,-23.134,-23.612,,275,6,, 
296,3078,45.1065,-51.8475,21771,28,21836,78,500,55,41,0.085," ",0.697,-23.015,-23.46,-23.756,251,13,, 
297,3089,47.0707,-36.7088,19524,33,19915,122,691,105,32,0.089," ",0.524,-22.563,-22.843,,227,7,, 
298,3094,47.8544,-26.9315,20577,31,20269,71,762,47,115,0.071,"E481-G006",0.571,-22.914,-23.258,-23.452,266,11,, 
299,3095,48.1109,-27.1403,19468,41,19803,90,607,50,45,0.093,"E481-G012",0.405,-22.9,-23.139,,303,6,, 
300,3098,48.4314,-38.3037,23895,33,24482,160,679,38,18,0.078,"E300-G019",0.704,-22.837,-23.314,-23.692,249,17,, 
301,3100,48.4702,-47.793,18642,230,18910,87,338,55,15,0.076," ",0.533,-22.485,-22.833,-23.093,208,13,, 
302,3104,48.591,-45.4206,21791,35,21778,84,618,57,53,0.1," ",0.692,-22.887,-23.42,-23.807,305,10,18,R
303,3106,48.6246,-58.0968,19523,38,19461,112,355,104,10,0.116,"E116-G013",0.778,-22.78,-23.364,-23.859,242,5,, 
304,3107,49.026,-42.7534,19833,26,19534,124,483,97,15,0.07," ",0.498,-22.232,-22.619,,240,14,, 
305,3109,49.1643,-43.8547,18608,32,19372,261,1045,195,16,0.061," ",0.601,-23.083,-23.472,-23.709,263,10,, 
306,3110,49.0517,-50.9534,22249,33,22890,270,975,148,13,0.111," ",0.537,-23.424,-23.761,-23.96,324,9,, 
307,3111,49.4382,-45.7557,23044,47,23201,131,839,93,41,0.123," ",0.717,-23.063,-23.562,-23.948,311,13,, 
308,3112,49.4905,-44.2382,22777,56,22540,104,919,71,78,0.052,"E248-G006",0.798,-23.161,-23.718,-24.157,299,12,0,C
309,3120,50.4853,-51.3268,21413,44,20543,444,1332,469,9,0.095," ",0.744,-22.797,-23.312,-23.704,270,7,, 
310,3122,50.576,-41.3282,20130,45,19137,83,869,59,108,0.075," ",0.553,-23.024,-23.396,-23.72,298,5,, 
311,3123,50.7284,-52.0303,18278,48,18409,110,480,173,19,0.072," ",0.443,-22.8,-23.092,,345,5,, 
312,3125,51.9783,-53.3717,17444,37,18189,61,614,17,101,0.068," ",0.433,-22.651,-22.905,-23.085,221,4,, 
313,3128,52.6601,-52.6201,17693,39,18030,48,892,42,341,0.07," ",0.578,-23.121,-23.507,-23.766,269,5,404,R
314,3133,53.0252,-45.93,21377,67,21014,194,726,166,14,0.042," ",0.478,-21.887,-22.186,-22.446,210,13,, 
315,3135,53.5281,-38.993,18316,47,18770,96,775,49,65,0.081," ",0.449,-22.822,-23.092,-23.244,283,5,, 
316,3142,54.1561,-39.7948,20068,30,19986,205,918,138,20,0.066," ",0.576,-22.821,-23.234,,241,6,, 
317,3144,54.2703,-55.0224,13205,28,13525,109,598,86,30,0.068,"15K",0.433,-22.496,-22.806,-23.07,263,8,, 
318,3151,55.1127,-28.6772,20274,52,20339,119,935,72,61,0.053," ",0.709,-22.425,-22.897,,288,18,, 
319,3158,55.8747,-53.6924,18766,40,17771,69,1095,37,252,0.066," ",0.622,-23.096,-23.512,-23.849,301,5,458,C
320,3164,56.4457,-57.0358,17823,47,17647,153,703,106,21,0.118," ",0.513,-23.108,-23.452,-23.726,306,5,448,R
321,3188,59.3486,-27.1213,19316,22,19193,181,993,77,30,0.053," ",0.257,-21.462,,,217,8,, 
322,3193,59.5564,-52.329,10103,31,10188,74,451,51,37,0.058,"N1500 15K",0.467,-22.698,-23.009,,278,9,, 
323,3195,59.7288,-35.3026,22525,32,22525,32,,,3,0.022," ",0.585,-22.833,-23.167,,261,14,, 
324,3202,59.8714,-53.6396,21090,17,20830,110,613,55,31,0.085," ",0.352,-22.151,,,246,5,, 
325,3223,62.136,-30.8223,17923,29,18002,87,790,51,81,0.068," ",0.478,-23.143,-23.474,-23.714,333,11,, 
326,3225,62.4046,-59.5919,16994,33,16740,165,1226,110,55,0.083," ",0.617,-22.518,-22.948,-23.361,218,5,, 
327,3231,62.8154,-64.5356,23152,39,23152,39,,,1,0.198," ",0.452,-22.166,-22.427,,188,6,, 
328,3266,67.8066,-61.4536,18025,181,17768,63,1251,41,387,0.088,"E118-G030",0.845,-23.329,-23.957,-24.504,257,11,2,C
329,3301,75.2054,-38.6745,16297,23,16231,144,706,77,24,0.093,"N1759",0.706,-23.271,-23.748,-24.18,270,10,, 
330,3323,77.8447,-28.9924,19221,47,19070,59,145,40,6,0.059,"E422-G043",0.845,-22.435,-23.057,-23.471,244,8,, 
331,3332,79.1462,-42.2029,23954,45,23954,45,,,1,0.109," ",0.476,-22.971,-23.295,-23.584,334,12,, 
332,3336,80.3782,-40.8173,23900,34,23734,57,114,116,4,0.109," ",0.711,-22.975,-23.48,-23.894,261,13,, 
333,3341,81.397,-31.602,11024,30,11279,63,574,50,83,0.083," ",0.657,-22.585,-23.042,-23.395,258,10,12,R
334,3354,83.6795,-28.6906,17623,60,17504,60,435,49,52,0.113," ",0.44,-22.746,-23.036,-23.258,,,, 
335,3367,87.4238,-24.5455,13432,84,13480,49,273,121,31,0.129,"15K",0.375,-22.393,-22.654,,222,12,, 
336,3374,89.179,-21.2534,14237,62,14552,114,343,0,9,0.264,"15K",0.272,-22.593,-22.655,,240,35,, 
337,3376,90.1709,-40.0463,13829,30,13831,68,855,54,154,0.223,"E307-G013 15K",0.622,-23.037,-23.466,-23.871,319,9,995,C
338,3380,91.7425,-49.4934,15692,34,15831,165,573,0,12,0.224," ",0.526,-22.781,-23.167,-23.563,244,5,, 
339,3381,92.474,-33.5928,11493,3,11358,50,333,34,43,0.16,"15K",0.584,-22.399,-22.817,,240,7,, 
340,3389,95.5888,-64.9346,8263,23,8052,77,616,64,63,0.333,"N2235 15K",0.52,-23.084,-23.428,,270,10,81,R
341,3390,96.1659,-37.3359,9283,5,9818,179,1062,155,35,0.358," ",0.581,-22.53,-22.931,-23.266,264,3,42,R
342,3391,96.585,-53.6934,16522,43,16178,110,1209,55,119,0.408,"E161-G007",0.69,-23.424,-23.879,,320,6,13,C
343,3392,96.7778,-35.4879,16379,33,16513,97,437,71,20,0.288," ",0.494,-23.215,-23.564,-23.845,264,13,, 
344,3395,96.9018,-54.4505,14613,29,15132,70,950,57,181,0.486,"E161-G008 15K",0.781,-22.946,-23.467,-23.806,287,23,37,C
345,3407,106.247,-49.0835,11780,48,12819,111,684,125,38,0.361,"E207-G019",0.696,-23.223,-23.687,-24.041,270,9,, 
346,3408,107.1236,-49.2137,12483,44,12623,111,638,87,33,0.397," ",0.592,-23.363,-23.78,-24.138,297,4,97,R
347,3420,143.029,-24.8179,18973,21,18891,121,438,109,13,0.286," ",0.392,-22.73,-22.999,,260,12,, 
348,3429,149.8525,-24.9711,14044,42,14768,122,503,78,17,0.261,"E499-G030",0.632,-23.033,-23.423,-23.77,260,4,, 
349,3432,150.3548,-33.0243,20598,30,20588,55,123,90,5,0.513," ",0.472,-22.869,-23.194,,260,11,, 
350,3490,176.334,-34.4338,20417,36,20589,101,996,158,97,0.374," ",0.669,-23.267,-23.721,-24.07,307,9,84,R
351,3492,179.0938,-33.5132,17125,0,17174,196,481,212,6,0.407," ",0.421,-22.765,-23.042,,,,, 
352,3494,179.2911,-32.152,20690,39,20566,104,208,112,4,0.316," ",0.848,-22.267,-22.821,-23.299,185,26,, 
353,3497,180.0257,-31.3881,20489,49,20413,71,761,81,112,0.309," ",0.648,-22.673,-23.107,-23.567,230,9,352,R
354,3500,180.7318,-30.1275,13249,20,13249,20,,,3,0.313," ",0.311,-22.389,-22.582,,225,11,, 
355,3505,182.1788,-34.4436,17322,27,17471,91,389,84,18,0.33," ",0.529,-22.992,-23.381,,247,13,, 
356,3526,192.2039,-41.3117,2904,40,3218,58,794,43,182,0.492,"N4696 15K",0.759,-23.332,-23.814,,288,11,21,R
357,3528,193.593,-29.0128,16377,51,16330,75,961,35,160,0.334,"E443-G004 15K",0.669,-23.334,-23.818,-24.249,364,10,7,R
358,3530,193.9004,-30.347,16274,81,16338,103,716,82,48,0.373,"E443-G011 15K",0.765,-23.27,-23.849,-24.355,292,14,72,R
359,3531,194.2873,-32.9168,23105,0,22910,136,409,120,9,0.359," ",0.845,-22.593,-23.144,,,,, 
360,3532,194.3423,-30.3632,16256,34,16641,82,734,60,79,0.366,"15K",0.724,-23.086,-23.635,-24.184,280,15,128,R
361,3537,195.253,-32.4414,5072,6,4917,54,333,30,38,0.403,"E443-G024 15K",0.527,-23.057,-23.41,-23.769,321,11,, 
362,3542,197.173,-34.5754,10372,34,10372,34,,,2,0.249,"15K",0.279,-22.45,-22.637,,303,9,, 
363,3548,198.5019,-44.1782,15618,42,15759,151,566,124,14,0.67," ",0.385,-22.69,-22.938,,283,7,, 
364,3549,198.5258,-29.4249,22408,33,22586,101,227,64,5,0.244," ",0.491,-22.152,,,117,50,, 
365,3552,199.73,-31.8179,15573,25,15354,180,903,100,25,0.251," ",0.571,-22.731,-23.119,,238,11,, 
366,3553,199.8128,-37.1796,14551,29,15172,89,448,90,25,0.252,"15K",0.444,-22.452,-22.731,,245,9,, 
367,3554,199.8814,-33.4888,14220,67,14648,96,562,75,34,0.276,"E382-G043 15K",0.725,-22.858,-23.34,-23.732,263,11,, 
368,3556,201.0282,-31.6708,14424,38,14339,48,657,46,186,0.259,"E444-G025 15K",0.598,-23.383,-23.788,,347,12,624,R
369,3557,201.2298,-28.8877,23405,61,23341,78,222,230,8,0.256," ",0.529,-22.891,-23.248,-23.556,,,, 
370,3558,201.9855,-31.4963,13986,98,14294,64,1002,51,240,0.218,"E444-G046 15K",0.906,-23.451,-24.061,-24.561,282,14,4,C
371,3559,202.4626,-29.5147,14116,8,14134,87,688,49,62,0.241,"E444-G055 15K",0.627,-23.327,-23.775,-24.118,313,7,, 
372,3560,202.9722,-33.2346,3705,9,3634,75,261,131,12,0.24,"N5193 15K",0.331,-22.488,,,234,7,159,R
373,3562,203.3947,-31.6723,14677,38,14605,94,966,60,105,0.251,"E444-G072 15K",0.703,-22.995,-23.511,-24.012,263,6,38,C
374,3563,203.4536,-42.543,21202,31,20264,188,777,144,17,0.462," ",0.362,-22.527,-22.759,,248,13,, 
375,3564,203.7307,-35.0994,14468,44,14958,155,490,127,10,0.266,"15K",0.457,-22.826,-23.096,-23.197,276,5,, 
376,3565,204.1627,-33.9658,3754,50,3848,48,414,29,73,0.267,"I4296 15K",0.551,-23.224,-23.613,,883,29,, 
377,3570,206.6,-37.971,11298,36,11146,71,530,39,55,0.351,"E325-G016 15K",0.33,-22.678,-22.873,,284,20,, 
378,3571,206.8684,-32.8644,11563,44,11718,107,1128,59,111,0.233,"E383-G076 15K",1.125,-23.28,-24.003,-24.496,313,11,0,C
379,3572,207.0594,-33.3827,12201,28,11830,132,1008,111,58,0.235,"15K",0.353,-22.712,-22.932,,239,2,, 
380,3574,207.272,-30.2958,4538,40,4673,53,566,29,114,0.261,"I4329 15K",0.743,-23.064,-23.588,,239,11,, 
381,3575,208.1598,-32.8881,11132,19,11216,131,571,99,19,0.247,"15K",0.28,-21.949,-22.168,,283,14,, 
382,3577,208.5615,-27.8481,14776,49,14668,94,561,59,35,0.297," ",0.542,-22.552,,,297,5,, 
383,3581,211.873,-27.0186,6531,29,6506,61,526,47,73,0.263,"I4374 15K",0.638,-22.642,-23.073,-23.588,283,3,1,C
384,3599,216.9523,-23.5421,7697,44,6978,292,773,146,7,0.397," ",0.16,-21.329,,,223,5,, 
385,3603,218.3521,-31.8254,18052,0,18128,166,471,171,8,0.379," ",0.494,-22.996,-23.326,,,,, 
386,3605,218.7682,-28.4255,20633,33,19335,254,623,214,6,0.383," ",0.675,-22.933,-23.39,-23.795,276,12,, 
387,3615,225.7287,-80.5623,20356,47,20356,191,506,0,7,1.333," ",0.579,-23.236,-23.647,,279,20,, 
388,3651,298.0359,-55.0628,17923,28,17958,86,777,61,81,0.229," ",0.73,-23.302,-23.757,-24.049,284,15,, 
389,3656,300.2082,-38.5766,5972,6,5835,55,386,48,48,0.313,"I4931 15K",0.574,-23.001,-23.444,-23.948,296,3,, 
390,3667,303.1139,-56.8271,16621,51,16558,76,1028,59,179,0.21,"I4965",0.768,-23.32,-23.843,-24.261,327,13,137,C
391,3676,306.1021,-40.3665,12124,15,12153,57,127,90,5,0.184,"E340-G025 15K",0.468,-22.872,-23.164,,218,29,, 
392,3677,306.5982,-33.351,13850,47,12388,541,1210,607,5,0.303,"15K",0.421,-22.135,-22.462,,223,16,, 
393,3684,308.8428,-78.0939,23036,2,23036,2,,,3,0.682," ",0.496,-22.483,-22.819,,294,13,, 
394,3685,308.0675,-56.4277,18632,13,18632,13,,,2,0.252," ",0.068,-21.2,,,96,25,, 
395,3687,308.2502,-63.0292,22898,47,22980,126,358,85,8,0.306," ",0.672,-22.959,-23.403,-23.727,251,9,, 
396,3698,308.9842,-25.2792,5817,20,5860,59,244,60,17,0.194,"N6936 15K",0.366,-22.298,,,285,4,, 
397,3703,310.0072,-61.3338,21551,44,21929,100,458,76,21,0.231," ",0.61,-22.942,-23.396,-23.771,234,7,, 
398,3716,312.9867,-52.63,14046,34,13895,72,609,49,70,0.158,"E187-G026 15K",0.719,-22.988,-23.483,-23.842,275,10,271,R
399,3731,315.4248,-38.4983,13860,45,13821,78,391,47,25,0.193," ",0.497,-22.95,-23.296,,276,5,, 
400,3733,315.4961,-28.0596,10990,24,11586,75,743,52,96,0.495,"N6999 15K",0.632,-22.561,-23.017,,314,12,182,R
401,3736,316.2687,-43.4192,14577,33,14340,127,311,233,6,0.127,"E286-G041 15K",0.679,-23.301,-23.752,-24.081,282,9,, 
402,3741,317.761,-82.1486,23114,6,23114,6,,,2,0.774," ",0.67,-22.857,-23.322,-23.723,229,5,, 
403,3742,316.9678,-47.1787,4811,38,5012,38,269,29,48,0.143,"N7014 15K",0.415,-22.376,-22.642,,287,8,, 
404,3744,316.8175,-25.469,11005,16,11465,68,653,37,90,0.277,"N7016 15K",0.442,-22.901,-23.19,,287,8,, 
405,3747,317.1622,-43.4864,9317,2,9244,83,299,50,13,0.133,"E286-G059 15K",0.436,-22.631,-22.916,,254,12,, 
406,3753,318.6332,-26.7703,21840,57,21840,57,,,2,0.328," ",0.169,-21.916,,,141,37,, 
407,3764,321.5746,-34.7851,23965,39,22696,97,781,56,64,0.344," ",0.463,-22.861,-23.197,,215,6,, 
408,3771,322.4437,-50.7058,22086,39,22642,178,536,920,9,0.11," ",0.612,-22.853,-23.24,-23.573,237,5,, 
409,3781,323.6044,-66.8459,17091,60,17050,54,122,86,5,0.137," ",0.501,-21.893,-22.182,,,,, 
410,3782,323.7987,-62.079,16879,36,16999,144,557,190,15,0.169," ",0.619,-23.088,-23.506,-23.854,259,5,, 
411,3785,323.5741,-53.6369,22876,60,23492,249,897,312,13,0.077," ",0.541,-23.335,-23.704,-23.994,366,6,, 
412,3796,324.8754,-51.3957,22693,58,22898,98,197,0,4,0.119," ",0.61,-22.77,-23.214,-23.613,230,7,, 
413,3799,325.7601,-72.6601,13714,54,13591,142,493,122,12,0.209," ",0.471,-22.211,-22.553,-22.855,268,6,, 
414,3806,326.595,-57.2874,22359,3,23005,121,991,58,67,0.15," ",0.772,-23.346,-23.848,-24.26,277,0,51,R
415,3809,326.7465,-43.8992,18642,33,18719,55,677,39,150,0.078," ",0.72,-22.822,-23.319,-23.721,246,6,116,R
416,3816,327.8754,-55.3375,11417,46,11573,61,354,61,33,0.095," ",0.544,-22.622,-23.009,-23.353,258,5,, 
417,3822,328.751,-57.6579,23315,51,22720,107,942,76,77,0.128," ",0.628,-23.052,-23.455,-23.777,328,6,, 
418,3825,329.5412,-60.2455,21276,54,22431,114,865,70,57,0.157," ",0.448,-22.916,-23.216,-23.477,,,1064,R
419,3826,330.1012,-56.1786,22654,48,22654,48,,,1,0.088," ",0.712,-23.313,-23.758,-24.093,272,6,, 
420,3844,333.3238,-34.6668,21897,31,21903,39,154,30,15,0.067," ",0.366,-21.851,-22.157,,215,17,, 
421,3851,334.2507,-52.5274,16148,21,16116,81,345,64,18,0.081," ",0.508,-22.815,-23.163,-23.471,239,10,, 
422,3869,335.1294,-55.125,11869,10,12294,113,253,346,5,0.091,"N7249 15K",0.379,-22.736,-22.981,,284,13,, 
423,3879,336.9555,-69.0236,19860,26,20060,76,474,55,39,0.138," ",0.484,-22.624,-22.931,-23.169,228,14,, 
424,3880,336.977,-30.5763,17254,29,17279,77,854,41,122,0.065," ",0.751,-22.936,-23.403,-23.716,251,13,31,R
425,3895,339.6907,-36.7444,18018,43,17672,94,532,54,32,0.069," ",0.393,-22.798,-23.024,,295,4,, 
426,3897,339.7978,-17.3416,22269,53,22235,96,702,67,53,0.153," ",0.567,-23.127,-23.555,-23.924,341,13,, 
427,3898,340.0435,-62.4152,22061,28,22061,28,,,1,0.107," ",0.41,-22.011,,,212,14,, 
428,3912,341.5412,-36.0013,20168,33,20664,124,596,71,23,0.055," ",0.678,-22.807,-23.217,-23.513,245,19,, 
429,3925,342.7925,-46.6728,23289,86,23916,189,500,194,7,0.045," ",0.554,-23.144,-23.56,-23.914,,,, 
430,4008,352.6255,-39.2813,16415,22,16410,56,401,49,51,0.077," ",0.591,-22.993,-23.366,-23.694,270,11,, 
431,4038,356.8679,-28.1096,8201,25,8950,68,831,35,146,0.081,"I5353 15K",0.449,-22.706,-22.993,,274,8,137,C
432,4049,357.9027,-28.3655,8227,34,8817,97,768,53,62,0.087,"I5362 15K",0.512,-22.848,-23.239,,272,9,, 
433,4059,359.2515,-34.759,14740,39,14740,67,830,37,151,0.075,"E349-G010 15K",0.891,-23.246,-23.841,-24.287,289,8,8,C
