clus_id,bcg_ra,bcg_dec,corrected_pa,sat_ra,sat_dec,theta,sat_majoraxis_angle
1_1172,119.9954,53.93859,50.7275,"[119.72135 119.74984 119.86461 119.93919 119.86553 120.3946  120.2398
 120.37409 120.28254 120.20592 120.15741 120.15621 119.98121 119.9767
 119.62352]","[53.971626 53.97993  53.63008  53.98837  53.87867  53.9548   54.13327
 53.845947 53.995975 53.557217 53.545643 53.51421  53.97696  54.017
 54.329407]","[ 78.42205021  74.0320658  165.93794392  33.59450248 128.06985763
 273.9467893  323.6000511  247.4551685  288.76479513 198.07761867
 193.70353251 192.63635691  12.27717772   7.98422064  29.13978887]","[152.30544979022733, 156.69543419629508, 64.78955607910743, 17.132997520558057, 102.6576423725113, 136.7807106994388, 87.12744889709063, 163.2723314981512, 121.96270486773639, 32.649881328308595, 37.02396748907816, 38.091143091195306, 38.45032227948187, 42.74327935748158, 21.58771113307026]"
1_1224,124.5161,54.61901,30.0982,"[124.42168 124.43318 124.74222 124.74735 124.35842 124.31529 124.41205
 124.21279 124.47245 124.59749 124.61548 125.04773 123.98375 124.30389
 124.05535]","[54.24291  54.212486 54.36247  54.575516 54.243923 54.452785 54.746227
 54.671463 54.72323  54.880306 54.74929  54.719337 54.37525  54.68428
 54.5287  ]","[171.69146221 173.23126116 207.11032604 252.01354254 166.25939816
 144.97329742  25.30643395  73.36028374  13.61464175 349.80877079
 336.20422113 288.07317851 128.25419549  62.0037923  108.68238927]","[38.40673778748803, 36.866938840626716, 2.9878739601096527, 138.08465746105256, 43.83880183828663, 65.1249025804157, 4.791766052265775, 136.73791626310765, 16.48355824571535, 40.289429209919774, 53.89397887380113, 102.02502149303251, 81.84400450971884, 148.0944077018645, 101.41581072576048]"
1_12282,10.96739,24.40594,259.6035,[],[],[],[]
1_12320,11.6519,20.2568,314.1556,[],[],[],[]
1_12336,12.45764,24.45055,220.7034,[],[],[],[]
1_12405,20.20141,23.52425,38.181000000000004,[],[],[],[]
1_1277,135.3756,55.65459,340.3366,[134.7938  135.52538 135.3175  134.9591  135.40277 135.41577 135.44281],[55.687572 55.993084 55.633545 55.55056  55.71218  55.622524 55.68388 ],"[ 84.25969277 346.04165183 122.69692635 113.85194065 345.10532601
 215.2636169  307.69430536]","[76.07690722641576, 174.29494816726174, 37.63967365147528, 46.48465935307436, 175.2312739945067, 125.0729830995216, 32.642294643332605]"
1_1373,141.7486,54.37664,344.5518,"[141.39684 141.32309 141.69063 141.60434 141.65112 141.88211 142.27042
 141.78554 141.77548 141.61287 141.27666 141.69022 141.23425]","[54.36583  54.560738 54.45209  54.280926 54.667698 54.003128 54.325172
 54.41466  54.42894  54.247307 54.346745 54.420605 54.38415 ]","[ 93.01992342  53.33315742  24.08988936 138.68783816  10.99971919
 191.81270658 260.39473656 330.50787993 343.34325653 148.52384842
  96.20463315  37.70651432  88.56359328]","[71.53187658408643, 111.21864257879372, 140.46191063669113, 25.863961835480353, 153.55208080939457, 152.7390934161263, 84.15706343776372, 14.043920072049104, 1.2085434749246815, 16.02795157812153, 68.34716684716813, 126.8452856770736, 75.98820672010334]"
1_14426,346.4341,19.56983,328.7173,[],[],[],[]
1_14486,346.2699,21.14102,297.9895,[],[],[],[]
1_14534,353.5229,22.98334,271.1764,[],[],[],[]
1_14573,354.0114,20.54587,255.1744,[],[],[],[]
1_14884,17.68075,17.68322,48.68670000000001,[],[],[],[]
1_1597,168.8495,54.44412,9.852199999999996,"[168.19968 168.21945 168.65186 168.66681 168.86601 168.95146 168.69495
 168.76405 168.09006 168.72829 168.38976 168.73695 168.76315 168.90674
 168.8673  169.0235  169.20406 169.10832 169.08826 169.67738 169.59679
 169.86061 169.63693 169.57233 169.20586 168.85362 168.69397 168.642
 168.93132 169.20383 169.05116 169.12935 169.41232 169.82828 169.94429]","[54.731625 54.780357 54.75987  55.10285  54.767853 54.613117 55.092724
 54.627388 54.493313 54.386658 54.114742 54.47726  54.48248  54.401962
 54.373856 54.453712 54.619392 54.36912  54.17637  54.95554  54.742893
 54.37022  54.11406  54.154884 54.99046  54.846863 54.37643  54.604607
 54.281826 54.636543 54.46606  54.321205 54.297787 54.668102 54.311916]","[ 52.63689031  47.33824365  19.92995465   9.08865892 358.30780673
 340.70420978   7.82702317  15.1367719   83.64004017 129.168625
 140.82297843  63.13362544  52.60843858 218.30572376 188.38440786
 275.41644548 310.42923691 243.53317663 207.48438815 316.91059411
 304.60856029 262.84250636 234.32390981 235.56115252 339.35591028
 359.66065024 126.7900833   36.88361383 196.36967601 313.11006915
 280.60035152 232.97663939 245.94769807 291.53488514 258.28673799]","[137.21530968726216, 142.5139563523834, 169.92224535206117, 0.7635410799047815, 11.544393270293767, 29.147990224270416, 2.0251768261287095, 174.71542809930298, 106.21215982809377, 60.68357500207583, 49.02922157150016, 126.71857456022951, 137.24376141533617, 151.54647624198816, 1.4677921441452781, 94.43575452146774, 59.42296309032133, 126.31902337057375, 162.36781185272167, 52.941605886855996, 65.24363970799885, 107.00969363686409, 135.5282901912695, 134.2910474831716, 30.496289717062893, 10.191549764194804, 63.062116696449436, 152.9685861717926, 173.48252399015502, 56.74213085211824, 89.25184848417018, 136.87556061253412, 123.90450192930291, 78.31731486282916, 111.56546201427062]"
1_1607,170.3602,53.74909,203.02519999999998,"[170.36258 170.97353 170.68495 170.15515 170.16022 170.02284 170.1825
 170.32756 170.21642 170.09285 170.14127 170.17561 169.7154  169.82039
 169.85442 169.86456 169.78473 169.82841 169.89168 170.01881 169.69676
 170.3355  171.11281 170.1516  170.31912 170.56453 171.17267 170.49487
 170.1357  170.14012 170.2387  169.92688 169.84836 169.92825 169.93349
 169.80128 169.87598 169.81326 169.82552 169.66132 169.53107 169.546
 170.3094 ]","[53.702145 53.848755 53.757385 53.690704 53.570904 53.649994 53.72707
 53.782085 53.720715 53.652737 53.802902 53.792408 53.51344  53.39528
 53.682846 53.35941  53.53783  53.61769  53.588524 53.689255 53.705536
 54.25215  53.592327 53.440907 53.42344  53.511642 53.894302 53.68111
 53.802017 53.901814 53.754356 53.716087 53.669865 53.67699  54.013096
 53.46422  53.626766 53.397694 53.348747 53.559208 53.68326  53.590843
 54.22866 ]","[181.71760832 285.38331299 272.47371302 115.69673964 146.37362713
 116.38920111 101.83230214  30.31548966 108.4500084  121.33244199
  67.41605684  68.34342772 121.64596095 137.82411329 102.479362
 142.92567024 121.76862433 112.64630833 120.04751759 106.49903449
  96.33182748   1.65340078 250.62865816 158.11357249 175.71777912
 207.03450728 286.84515629 229.53754869  68.25108111  40.38320745
  85.80761134  97.33643699 104.65543431 105.75038261  43.61390057
 130.66372069 113.10254182 137.25529968 141.56770784 114.62822698
  97.64117192 108.1630727    3.56358351]","[21.307591681764222, 97.64188701093121, 110.55148697801968, 87.32846036285582, 56.65157286701353, 86.63599889493271, 101.19289786093238, 172.70971034415032, 94.57519159786922, 81.69275801488557, 135.60914315968546, 134.68177227975883, 81.3792390483493, 65.20108671049707, 100.54583800302791, 60.09952975987039, 81.25657566980492, 90.3788916705666, 82.9776824083465, 96.52616551460746, 106.69337251890045, 21.371799220278803, 132.39654183855242, 44.91162750563106, 27.307420877854867, 175.99069272414806, 96.18004370760309, 153.48765130601112, 134.77411889067344, 162.6419925525575, 117.2175886550066, 105.68876300719752, 98.36976568885515, 97.27481738506002, 159.4112994348571, 72.36147931132953, 89.92265817585788, 65.76990031582261, 61.45749215734173, 88.39697301685634, 105.38402808243133, 94.8621272975604, 19.461616492228217]"
1_1652,177.0032,55.76147,298.7395,"[175.57686 175.45364 175.47896 175.81786 175.94244 175.73512 175.52995
 175.6168  178.02177 177.85722 177.93616 177.57172 177.0023  176.8626
 175.50275 175.5433  175.47751 175.53918 175.51143 176.12115 176.12431
 175.98273 176.50453 176.66083 176.67403 176.4383  176.59976 176.62987
 176.48433 176.29124 176.71507 176.73438 176.85278 177.1022  177.76532
 177.80444 177.75668 177.82281 177.94868 177.9119  177.31927 177.51009
 177.46529 177.29138 178.47272 178.18378 177.92702 176.98077 176.93008
 176.67899 176.7534  177.3108  176.86375 176.75134 176.95721 177.0319
 177.81552 177.54645 177.6374  177.6387  177.37874 177.92116 177.97884
 178.00555 178.01927 178.69673 175.52863 177.89407 177.81918 177.9611
 176.55919 176.8319  176.79178 176.95055 176.53601 177.64487 177.62518
 177.5221  176.20934 176.26286 177.31529 177.37196 177.46532 177.48515
 177.36781 178.22186 177.98462 177.94043 177.86395 177.98386 177.56572
 177.25742 176.6776  176.38719 176.0941  178.03972 178.15376 177.5292
 177.55922]","[55.31192  55.393562 55.466934 55.2777   55.21359  55.20457  55.333103
 55.36336  54.999256 54.95079  54.960693 55.026726 54.806725 54.79982
 55.863865 55.82443  55.498672 55.280834 55.390614 55.652275 55.57778
 55.331066 55.795837 55.727478 55.699535 55.79992  55.762356 55.73605
 55.455647 55.480793 55.762085 55.54307  55.300114 55.579292 55.381947
 55.541695 55.446175 55.55291  55.626133 55.742065 55.967293 55.74188
 55.710766 55.699165 55.357403 55.73152  54.947407 54.80585  54.8847
 54.899216 54.806736 55.70096  55.64375  55.48653  55.535305 55.021942
 55.89541  55.96923  55.777573 55.489944 55.403236 55.63249  54.984653
 55.168545 55.6285   55.65666  56.19016  56.41935  56.557495 56.52234
 56.070873 56.036453 55.853195 56.018337 56.318623 56.50434  56.38763
 56.48096  55.919235 56.17497  56.500854 56.410175 56.499992 56.46704
 56.483536 56.36925  56.4548   56.26459  56.474724 56.51814  56.46354
 56.520195 56.468117 56.06533  56.1821   56.40302  56.433914 56.561504
 56.465282]","[119.11646577 112.78289355 108.88845591 125.78838534 132.35237076
 127.77657528 117.20161317 116.92057576 217.2060348  210.91603979
 213.51357761 203.72264866 179.96938    175.23959411  83.07535914
  85.613415   106.9677699  120.11074542 113.73795886 102.39223582
 110.33435993 126.70514332  83.01351029 100.00314761 108.47674702
  83.09904302  89.77640803  96.89812726 136.21886789 124.92182101
  89.78265141 145.22050851 169.54526656 197.03908986 228.62627493
 244.07367207 233.47133733 245.72187549 255.74997176 267.82699035
 319.24707175 266.07120749 258.97140193 248.99560569 244.07138606
 267.41945638 212.82785929 179.23428065 177.28358836 167.9269308
 171.52492003 250.74244798 146.2777506  152.65114778 173.4549693
 181.26296793 286.36005008 304.27618189 272.5843683  232.88321376
 210.64778528 256.00040539 215.5141012  223.78233668 256.9278328
 263.73114066  62.54506888 322.93028385 330.28030941 324.95357646
  38.80670018  19.25278378  52.3316452    6.55748555  25.09905534
 334.29618397 330.99643736 338.0987636   70.50972098  45.05763743
 346.76283929 342.40238187 340.7753091  339.15131855 344.27950141
 311.77704782 321.71490003 313.8400999  326.06856566 324.16694983
 335.92789017 349.42585442  14.40742545  48.64752305  50.41551656
 317.9641876  316.3375386  339.89133539 336.22787579]","[179.62303422744168, 5.956606451218477, 9.851044086630964, 172.95111466160833, 166.387129235789, 170.96292472496992, 1.537886825837461, 1.8189242360730304, 81.53346519780206, 87.82346021435339, 85.22592238641315, 95.01685133690171, 118.77012000101846, 123.49990588672696, 35.66414085608778, 33.12608499885653, 11.771730098493094, 178.62875458361796, 5.001541140103711, 16.347264180901135, 8.40514007397158, 172.03435668424422, 35.72598970894586, 18.736352390155957, 10.262752977977584, 35.64045697868096, 28.963091968347214, 21.841372741516523, 162.52063211375054, 173.8176789933749, 28.956848585356738, 153.51899148787174, 129.19423344185785, 101.7004101441926, 70.11322507053376, 54.66582792721809, 65.26816267376981, 53.01762450878448, 42.989528236518424, 30.9125096481784, 159.49242824956207, 32.668292514722566, 39.768098072008684, 49.74389430861228, 54.66811393886195, 31.320043616113537, 85.91164070560077, 119.5052193451069, 121.4559116366585, 130.81256920443042, 127.21457997398397, 47.99705202495227, 152.46174939877653, 146.08835222271824, 125.28453069664562, 117.47653206993732, 12.379449918680962, 174.46331811232255, 26.155131699180004, 65.8562862369952, 88.0917147180244, 42.73909460792038, 83.22539880353776, 74.95716332134776, 41.811667201563694, 35.00835933763341, 56.19443112454459, 155.80921614641807, 148.45919059453132, 153.78592354336183, 79.93279982162278, 99.48671622423791, 66.40785480471843, 112.18201444736536, 93.64044466271707, 144.44331603319898, 147.74306264366106, 140.64073640230657, 48.22977902022521, 73.68186257301198, 131.9766607061391, 136.33711813042487, 137.96419089715408, 139.58818144746186, 134.45999858692528, 166.96245217835047, 157.02459997079302, 164.89940009806662, 152.670934344307, 154.57255017066927, 142.8116098317294, 129.31364558372184, 104.33207454969778, 70.09197695130976, 68.32398344397791, 160.77531240458478, 162.40196139728738, 138.84816460954522, 142.51162421227616]"
1_1663,177.6005,54.66761,343.1082,"[176.539   176.42879 176.53339 176.24796 176.3341  178.88078 177.99055
 178.48602 178.21198 178.17969 178.1094  177.87376 177.74513 177.78406
 177.90138 177.95311 177.61346 177.22182 177.19975 177.08998 176.6331
 177.04099 176.94109 176.61128 176.75558 176.66856 176.55003 176.85278
 177.01123 177.76532 177.8061  177.75668 177.72272 177.76904 177.88718
 177.99043 177.94357 178.28354 178.73433 178.7983  178.9395  178.85715
 178.97855 178.88194 178.85555 178.16446 178.28139 178.8096  178.31746
 177.34178 177.38216 177.75645 178.25648 177.87727 178.02328 178.13396
 177.00252 176.92407 177.02084 176.99484 177.42169 176.8576  176.60464
 176.67899 176.89433 176.72786 176.55518 176.62993 176.72903 177.03024
 176.78625 177.6387  177.37874 177.97884 177.80688 178.00555 177.77975
 177.86792 177.78967 178.52695 178.90176 178.94682]","[54.465862 54.54117  54.49254  54.893394 54.82285  54.866783 54.13537
 54.469517 54.364098 54.218952 54.45954  54.224888 54.32953  54.364124
 55.09535  54.885593 54.211075 54.674267 54.280205 54.537064 54.180058
 54.59268  54.584927 54.29434  54.235653 54.798973 54.825325 55.300114
 55.41137  55.381947 55.11646  55.446175 55.200363 55.17666  55.132538
 55.13566  55.112274 55.105164 55.103573 55.14071  54.675907 54.566654
 54.4991   54.898907 54.89231  54.793495 54.45184  54.350616 54.157703
 54.697617 54.64852  53.872524 54.103886 54.223583 54.03064  54.060375
 54.68845  54.49867  54.593754 54.612762 53.891575 54.407265 54.548798
 54.899216 54.64908  54.586212 54.826538 54.88012  54.706875 55.28258
 55.161602 55.489944 55.403236 54.984653 55.126804 55.168545 55.144238
 55.080048 55.112522 55.02344  54.926956 54.88946 ]","[108.15056191 100.55355385 105.80554236  73.85652071  78.01013358
 285.09167049 203.10285234 248.89970345 229.46655732 216.89515569
 234.80977726 199.74316438 193.95185556 199.34570913 337.96879613
 316.98587712 180.94614509  88.25880336 148.99053762 113.81940465
 130.90145446 103.02608869 102.22126838 123.00360283 131.32665678
  76.28067892  75.41953204  34.15016089  24.41751306 352.46577129
 345.24090516 353.44553596 352.49175746 349.22676264 340.47803486
 334.40466753 336.07092611 318.07901972 303.76109725 304.48821041
 270.61394705 262.10103501 258.08500275 287.38003543 287.24660636
 291.13523538 241.34294643 245.69721345 219.29164602  78.65571038
  98.59432644 186.53438859 214.12274925 199.92300254 201.14942975
 207.1054068   86.55056478 113.31450963 102.41382924  98.89374101
 172.33846471 121.13369334 101.64000699  66.45081445  92.5975544
  99.15337065  75.24289902  69.21344482  85.54300973  28.02200201
  43.45385571 358.47665023   9.80152409 325.49433398 345.50879276
 335.07388814 347.79923305 339.54100255 346.25815185 303.70566368
 289.07179834 285.94547531]","[54.95763808995156, 62.55464614822148, 57.302657643026464, 89.25167928818081, 85.09806642079997, 58.01652950952541, 140.00534766392386, 94.20849655474728, 113.64164267710055, 126.2130443078672, 108.29842273841052, 143.3650356225677, 149.1563444414883, 143.7624908658082, 5.13940387263176, 26.12232288442368, 162.16205490532738, 74.84939664366561, 14.117662383328906, 49.28879535057814, 32.206745543173554, 60.08211130590843, 60.88693161726377, 40.104597169478666, 31.78154322068565, 86.82752107820176, 87.68866796198176, 128.95803911168537, 138.69068693595057, 170.64242870574702, 177.8672948431891, 169.6626640393144, 170.6164425402486, 173.88143736433915, 2.63016514216298, 8.703532470677033, 7.037273885337299, 25.02918027602368, 39.347102746139115, 38.619989591864055, 72.49425294609438, 81.00716498569346, 85.02319725305864, 55.728164574128925, 55.86159363671254, 51.97296462302205, 101.76525356656506, 97.4109865542801, 123.81655397794574, 84.45248961671712, 64.51387356286958, 156.57381140561793, 128.98545075281615, 143.18519745769365, 141.9587702528397, 136.00279320056984, 76.55763522199078, 49.79369037109933, 60.69437076277609, 64.21445899102625, 170.7697352854285, 41.97450666432928, 61.46819301339178, 96.65738554790346, 70.51064559556454, 63.95482934937391, 87.86530098418478, 93.89475518086294, 77.5651902681999, 135.0861979896253, 119.6543442932836, 164.63154977024243, 153.30667591395166, 17.613866019922853, 177.59940723922023, 8.034311860216519, 175.30896695289073, 3.567197454042571, 176.85004814671817, 39.40253632163626, 54.036401663829395, 57.16272469058646]"
1_16658,345.7327,17.75013,5.652500000000003,[],[],[],[]
1_21512,8.544934,-2.177579,213.7601,[],[],[],[]
1_21627,18.73997,0.4308068,209.185,"[18.011276 18.228949 18.538494 18.531176 18.363407 18.796417 18.78665
 19.355673 19.09381  18.702822 18.898075 18.630486 18.565817 18.607042
 19.283049 18.63438  18.713352 18.628382 18.734428 19.468397 18.772888
 18.751156 18.759604 18.856192 18.836933 18.851528 18.878748 19.079208
 18.96393  19.356445 19.098404 19.235611 19.36937  19.613619 19.49714 ]","[-0.26373476  0.6809268   1.2506142   0.84722537  0.15250257  0.964924
  0.26580977 -0.3402415  -0.20927425 -0.4961343   1.144389    0.79172873
  0.76532465  0.53607994  1.121128    0.5320617   0.550899    0.32449788
  0.13070087  0.7807394   0.32220656  0.03094443  0.26292956  0.07166498
  0.25931725  0.25239694  0.31291276  0.26100147  0.14692058  0.5866523
  0.4457732   0.13815525  0.56878084  0.28544527  0.24170844]","[133.62541493  63.91944642  13.80594509  26.62799144 126.46714484
 353.96763385 195.79658853 218.6082992  208.93393159 177.70503193
 347.50820493  16.87409326  27.50062819  51.62126285 321.81027161
  46.19953987  12.49682296 133.61269515 178.94213996 295.66063857
 196.86241333 181.60237604 186.67040573 197.93190224 209.48411798
 212.01693397 229.65098145 243.40938515 218.26983907 284.18771703
 272.39106709 239.43993486 282.36498632 260.55323371 255.97736792]","[75.55958506943125, 145.2655535791659, 15.379054910160448, 2.557008555947391, 82.71785515568321, 35.21736614644777, 13.388411473814415, 170.576700804104, 0.2510684100670346, 31.479968070503446, 41.676795073132666, 12.310906740049063, 1.6843718067785574, 157.5637371492318, 67.37472839024252, 162.98546013165677, 16.68817704219444, 75.57230485477004, 30.24286004443647, 93.52436143249219, 12.322586666565172, 27.582623963298005, 22.51459427335928, 11.25309775588201, 179.7008820189834, 177.1680660274625, 159.53401855138964, 145.77561484838486, 170.9151609293677, 104.99728297192576, 116.7939329055913, 149.74506513942617, 106.82001368118267, 128.63176629365984, 133.2076320820139]"
1_21766,29.07064,1.050817,314.9108,"[28.595667 28.692945 28.976507 28.99528  29.01592  29.013664 29.073332
 29.079233 29.114855 29.029772 29.125128 29.01245  29.136353 29.18344
 29.249949 29.11167 ]","[1.1120316  1.0557271  0.9826093  1.0658294  0.88401854 1.1645591
 1.1085327  1.2217809  1.064418   1.1963689  1.04513    1.0198287
 1.1224567  1.0916169  1.0546416  0.5939268 ]","[ 82.65490246  89.25505649 125.93101061  78.73187477 161.83999272
  26.60293726 357.33015897 357.1231249  287.10121135  15.68085754
 264.04052394 118.04052952 317.47607286 289.88843074 271.22212524
 185.13097096]","[52.25589753693123, 45.655743511125706, 8.979789392231083, 56.17892523265016, 153.07080727971965, 108.30786273767092, 137.58064103369924, 137.7876750983378, 27.80958865163791, 119.22994246286436, 50.870276056168734, 16.870270482835934, 177.43472714068042, 25.02236925506145, 43.68867475983609, 129.77982903538725]"
1_23615,353.3446,-1.148607,322.4483,"[353.6456  353.57758 353.504   353.6004  353.56082 353.46548 353.244
 353.37213 353.44043 353.25726 353.427   353.43515 353.42392 353.2636
 353.64536 353.62347 353.13824 352.95932 352.93726]","[-0.9204314  -0.9430685  -0.84933424 -0.89020395 -0.88653797 -1.1052513
 -1.1608276  -1.1771426  -1.1385337  -1.1293722  -0.8998116  -0.9272136
 -0.98901707 -0.92795366 -0.6847608  -0.6896474  -1.0233861  -1.2392579
 -0.81682694]","[307.1688126  311.42448999 331.96308332 315.29426279 320.47990766
 289.73407024  96.92678916 223.96792979 276.00188601  77.57727506
 341.6776696  337.75867703 333.5755944   20.15224137 327.04420228
 328.71947119  58.74515769 103.24284705  50.8332045 ]","[15.279487395502997, 11.023810013451907, 170.48521667682667, 7.154037209281682, 1.9683923375966401, 32.71422976012684, 45.52151083888148, 98.48037021337177, 46.4464139856596, 64.87102494156119, 160.77063039977122, 164.68962296546044, 168.87270559603775, 122.29605863435398, 175.40409771554988, 173.72882880885248, 83.70314231247278, 39.20545294661028, 91.6150954995012]"
1_23986,24.91721,-3.77302,331.8606,[],[],[],[]
1_23993,27.11495,-4.1297,312.2409,[],[],[],[]
1_2528,122.7275,49.18438,284.7563,"[122.56099 122.36818 122.49087 122.47362 122.35484 122.14617 122.17657
 122.18731 122.65308 122.64019 122.63645 122.51202 122.64479 122.63364
 122.66086 122.76642 123.19525]","[49.037712 49.07909  48.91415  49.11493  48.946537 49.22712  49.47048
 49.157757 49.266552 49.220196 49.50139  49.59735  49.23566  49.131535
 49.162136 49.258583 49.445454]","[143.38191755 114.12425118 150.14747509 112.6959036  134.24873655
  83.57956462  51.45207546  94.31090368  30.60189396  57.87839488
  10.59899041  18.75902272  46.49714933 130.72490409 117.04650523
 341.09054214 310.5695517 ]","[141.3743824546401, 170.63204881833659, 134.60882491002116, 172.0603964035792, 150.5075634511157, 21.17673537640397, 53.304224542316575, 10.445396322408868, 74.15440604035271, 46.87790511600633, 94.15730958951917, 85.99727727971981, 58.25915067477251, 154.0313959110599, 167.70979477304735, 123.66575785823596, 154.18674830304343]"
1_3224,193.3921,50.90394,287.88009999999997,"[193.83163 193.81747 194.01895 193.59901 193.37228 193.299   193.60316
 193.59953 193.44247 193.58968 193.3318  193.40974 193.70076 193.87257
 193.81505 194.02197 193.61038 193.43082]","[51.12943  50.920235 50.92937  50.9775   50.769814 50.468143 50.912212
 50.829838 50.888554 50.89108  50.908886 50.736816 50.54391  50.86449
 50.719795 50.748444 50.567238 51.043056]","[309.19676287 273.47672431 273.68188527 299.43154897 174.66954468
 172.29149708 273.55670585 240.48890376 244.16058154 264.10748398
  82.58869693 183.81586821 208.49012996 262.58507349 235.43155073
 248.65357682 202.30861311 350.06028527]","[158.68333713446015, 14.403375692983332, 14.198214725983291, 168.44855102907968, 113.21055531519724, 115.58860291810632, 14.323394154003722, 47.391196237052526, 43.71951846367662, 23.77261601736933, 25.29140307337468, 104.06423179052936, 79.3899700412992, 25.295026507307853, 52.44854926620343, 39.22652318411187, 85.5714868898867, 117.81981473083425]"
1_4409,159.2194,44.87639,200.4327,"[158.98128 158.81647 158.98131 159.00807 159.21259 159.22574 159.2398
 159.44173 159.53387 159.18137 158.87001 159.01456 158.92876 158.65187
 158.96902 159.0171  159.22086 159.05295 159.19885 159.17209 159.2454
 159.36108 159.37315 159.363   159.35524 159.38573 159.38605 159.44524
 159.54036 159.38736 159.50081 159.41937 159.3976  159.51736 159.65828
 159.72177 159.79793]","[44.737843 44.97878  44.82687  44.768772 44.803658 44.909    44.807503
 44.742493 44.624737 44.68981  44.71767  44.78599  44.833916 44.886463
 44.760162 45.218895 44.805016 45.191734 44.82884  44.776577 44.81272
 44.803112 44.861694 45.00114  44.91691  44.833908 44.9728   44.899353
 44.828564 44.947098 44.843845 45.053177 45.205433 45.1897   44.769676
 44.796173 44.796074]","[129.35447163  70.25637463 106.35059387 125.67691315 176.19908616
 352.15976554 191.86252505 229.67212779 221.58788263 171.76709157
 122.62657653 121.89272891 101.64840561  88.5650803  123.20173376
  22.65046128 180.82854195  20.45645924 162.96851622 161.4182715
 196.15197509 233.89357713 262.31934035 320.82495353 292.83460812
 250.18602989 309.2521332  278.16713063 258.12968181 300.72902103
 260.73358087 321.32846822 339.059597   326.09560862 251.07778879
 257.31011481 258.92306367]","[71.07822836671997, 130.17632537077492, 94.08210612533925, 74.75578684755043, 24.233613842066063, 28.27293446156949, 8.570174953249847, 150.76057220702052, 158.84481737114334, 28.66560842670424, 77.80612346637275, 78.5399710890313, 98.78429438650285, 111.86761970432632, 77.23096624226291, 177.78223871773548, 19.60415805413959, 179.97624076111185, 37.4641837775668, 39.01442850078601, 4.280724909842917, 146.539122872848, 118.11335965316528, 59.607746472547944, 87.59809187831831, 130.24667010752592, 71.18056680065507, 102.2655693684307, 122.3030181882865, 79.70367897391452, 119.69911912927051, 59.104231783445016, 41.37310300428828, 54.337091384544465, 129.3549112120321, 123.12258519302628, 121.5096363347339]"
1_4454,168.406,47.48716,241.39550000000003,"[167.92456 167.87328 168.25793 168.24728 168.36914 168.5339  168.44054
 168.58257 168.62769 168.51959]","[47.397846 47.41015  47.14714  47.57127  47.302837 47.467983 47.59768
 47.40697  47.271004 47.033787]","[105.33870483 102.06644886 163.55252053  51.87350224 172.29078232
 257.49265385 348.08827252 236.11603144 214.77866471 189.65023537]","[136.05679516762598, 139.32905113844333, 77.84297946539152, 9.521997758045671, 69.10471767771725, 163.902846153766, 73.30722747596872, 5.279468559829667, 26.61683528791562, 51.74526462835831]"
1_5823,134.6334,38.4932,358.9763,"[134.75537 134.73303 134.2041  135.2563  134.95592 134.27461 134.54597
 134.58961 134.72174 134.74422 134.75507 134.535   134.5591  134.20815
 134.08981 134.0698  134.5243  134.5462  134.70792 134.37878 134.33662
 135.05183 134.68925 134.6546  134.70946 134.73248 134.72955 134.54251
 134.6227  134.55751 134.38062 134.01678]","[38.383423 38.3797   38.05556  38.506596 38.46372  38.094868 37.974873
 38.24646  38.32896  38.324867 38.59528  38.490005 38.806103 38.73548
 38.229572 38.296146 38.905293 38.947403 39.028786 38.921803 38.8636
 38.876183 38.522522 38.641144 39.030094 38.5663   38.589302 38.63239
 38.55205  38.942116 38.571396 38.73213 ]","[221.03252113 214.51204897 142.40042265 271.57402373 263.33985146
 144.74254425 172.45300868 172.07939935 202.85377899 207.28726649
 317.00979564  92.37521891  10.5063373   53.90233316 121.73705218
 114.04155735  11.67332563   8.51854502 353.80825785  24.8712238
  32.02559922 319.54063057 303.8563315  353.60655676 353.69655873
 313.32219623 321.9541141   27.0483643    8.09871273   7.51393279
  68.42404851  63.62344072]","[137.94377887479774, 144.46425103074924, 36.575877352866485, 87.40227626608498, 95.63644853614943, 34.23375575421082, 6.523291317434314, 6.896900650435185, 156.1225210050105, 151.68903351085098, 41.96650435641976, 86.60108109266037, 168.46996270290293, 125.0739668369871, 57.239247821124934, 64.93474264960247, 167.30297437359968, 170.45775498485006, 5.168042148700124, 154.10507620113452, 146.95070078447964, 39.43566943463867, 55.11996849516777, 5.369743237170724, 5.279741267607051, 45.65410377409165, 37.02218590093656, 151.9279356986056, 170.8775872657477, 171.4623672065146, 110.55225148762781, 115.35285928017015]"
1_6194,167.9317,40.82076,8.824800000000005,"[167.8465  168.07002 168.03947 167.95981 167.99971 168.05804 168.00984
 167.97226 167.95605 167.92703 167.89612 167.80222 167.6737  167.72101
 167.3717  167.21352 167.33446 167.31804 167.11946 167.50752 167.78735
 167.75926 167.88155 167.86023 167.86964 167.83575 167.93024 167.88715
 167.91124 167.90895 168.0276  168.04526 168.1612  168.1714  168.03249
 168.07275 167.96136 167.98569 168.15846 168.5093  168.5317  168.57161
 168.59229 168.47765 168.45782 168.45845 168.43916 168.62216 168.60632
 168.73257 168.5979  168.80737 168.30739 168.32642 168.25697 168.337
 168.53194 168.48895 168.52023 168.28494 168.07503 168.26854 168.10823
 168.29253 168.11362 167.97731 168.02489 168.00542 167.96884 168.01378
 167.91656 168.06834 167.995   168.03233 167.9835  168.18643 168.01724
 168.17615 167.9641  168.1429  167.96306 167.91702 167.79749 167.86519
 167.7525  167.833   167.80151 167.63528 167.89188 167.83942 167.66415
 167.72202 167.5554  167.3086  167.5966  168.30751 167.84967 168.12794
 168.32626 168.32465 168.7136  168.56046 168.71764 168.44817 168.38513]","[40.29506  40.40461  40.582478 40.770428 40.42775  40.371273 40.514523
 40.376762 40.461246 40.75296  40.76491  40.55856  40.403427 40.60545
 40.863667 40.428505 40.423054 40.44868  40.76879  41.1972   41.05107
 40.995876 40.94024  40.93898  40.95753  41.084427 40.908627 40.8903
 40.88309  40.93193  41.219444 41.03762  41.35044  41.24384  40.94858
 40.878563 41.122997 40.86175  40.93213  40.436134 40.44477  40.515038
 40.532585 40.41219  40.307903 40.372383 40.332104 40.66185  40.712833
 40.780056 40.791206 40.76168  40.264454 40.23005  40.214954 40.60878
 40.640255 40.648106 40.808586 40.761047 40.69457  40.612713 40.962875
 40.61211  40.99425  40.7632   40.548473 40.55988  40.975773 40.612144
 41.012985 41.005386 40.86774  40.956017 40.169792 40.2849   40.355213
 40.344616 40.53863  40.409348 40.455822 40.762585 40.879898 40.946777
 40.80733  40.844517 40.959522 40.962883 40.929028 40.917664 40.40671
 40.4694   41.08649  41.08063  41.418373 41.369034 41.140884 41.23489
 41.356274 41.408142 40.80699  41.02251  40.94232  40.298187 40.241463]","[172.9801067  194.16146171 198.9265207  202.9174818  187.48259766
 192.04804538 190.95389614 183.96775497 182.9426479  177.01621554
 154.24988734 159.47143084 154.85960037 143.43472515  84.21682673
 125.73909867 131.26105929 128.62412624  94.83084915  40.37447408
  25.33617095  36.65659015  17.60839875  24.56484339  18.93210696
  15.36710564   0.72151303  25.85448242  13.94410102   8.79551844
 349.71339284 338.41511535 341.91469572 336.85898161 329.19998415
 298.44650732 355.76174425 315.10423876 303.00500788 228.73583297
 230.45200669 237.79425408 240.09190517 225.40714967 217.93034496
 221.73401029 218.26536457 253.10315749 258.07270249 266.15891776
 266.64588202 264.90762293 207.16671645 206.92668368 202.20398764
 235.3934906  248.3546524  247.76095642 268.43441889 257.41371005
 220.70669447 230.82357088 316.80159564 232.65913841 321.60416291
 210.95948522 194.54861277 192.09316221 349.73446138 196.6051223
   3.40495569 330.78147995 314.45552077 330.64365191 183.4632481
 199.85921169 187.94366029 201.30095973 184.97682326 201.29007089
 183.73071526 169.18622234  59.77874968  21.75368135  95.654797
  72.35435595  35.34598769  57.61439728  15.54279957  35.75960525
 153.87121675 155.63849307  46.92288848  61.09278343  22.89997016
 332.68071637  10.94836357 340.32877474 330.9557844  333.25158595
 268.66715643 293.00880702 281.56171593 216.90116762 210.74902466]","[15.84469329590965, 174.6633382858429, 169.89827930453254, 165.90731819665413, 1.3422023373934167, 176.77675461508386, 177.87090386122134, 4.857045026672779, 5.8821520950563695, 11.80858446326701, 34.57491266164348, 29.353369156042334, 33.96519963001205, 45.39007484903394, 104.6079732711097, 63.085701325665156, 57.56374070771815, 60.20067375950248, 93.99395085380843, 148.45032592486461, 163.48862904807254, 152.16820984755344, 171.216401254044, 164.2599566051215, 169.89269304280856, 173.45769435999154, 8.103286970627751, 162.97031757670675, 174.88069897665355, 0.029281555221569278, 19.111407159418093, 30.409684650309714, 26.910104278859137, 31.965818390012373, 39.62481585075113, 70.37829268128576, 13.063055751999514, 53.72056123774138, 65.81979212014932, 140.08896702501187, 138.37279331174202, 131.03054591572194, 128.73289483066418, 143.41765032737388, 150.89445503689925, 147.09078971144464, 150.55943543189653, 115.72164251287535, 110.75209750926271, 102.66588224136808, 102.17891798163083, 103.91717707024168, 161.65808354627777, 161.89811632413657, 166.6208123552103, 133.4313093960609, 120.47014759902413, 121.06384357860352, 100.39038111402328, 111.41108995290725, 148.11810553150156, 138.00122912103828, 52.02320435959433, 136.1656615921033, 47.22063709059819, 157.86531478212353, 174.27618722855777, 176.73163778715175, 19.09033862356938, 172.2196777028283, 5.419844310560513, 38.043320046338465, 54.36927923049592, 38.18114809067151, 5.361551904523964, 168.965588311597, 0.881139705465273, 167.52384027041643, 3.847976735313523, 167.53472911368877, 5.094084743021028, 19.638577662204597, 129.04605032055161, 167.07111864557925, 93.17000300105292, 116.47044405488953, 153.47881231459797, 131.21040272251594, 173.28200042686387, 153.06519475300644, 34.95358324983545, 33.18630692551221, 141.90191152480259, 127.73201656997048, 165.92482983643936, 36.14408362537688, 177.87643642646424, 28.496025261761247, 37.86901560436007, 35.57321404773825, 100.15764356967173, 75.81599297769878, 87.26308406512146, 151.9236323825912, 158.07577533948717]"
1_6202,168.4509,40.28574,359.1816,"[167.8465  167.992   168.07002 168.03947 167.95981 167.99971 168.05219
 168.05804 167.97226 167.95605 167.92703 167.93723 167.89612 167.80222
 167.93234 167.6737  167.72101 167.98569 169.19038 168.7803  169.14442
 168.7469  168.85202 168.5673  168.5962  168.5317  168.57161 168.59229
 168.98813 169.1341  168.94115 169.2214  169.17175 169.1057  169.0592
 169.12881 168.9269  169.07515 168.41693 168.46304 168.47765 168.45845
 168.62216 168.60632 168.73257 168.83653 168.5979  168.80737 168.36992
 168.32642 168.25697 168.53194 168.48895 168.52023 168.28494 168.07503
 168.26854 168.29253 167.97731 167.93175 168.02489 167.94095 168.00542
 168.01378 167.9835  167.98622 168.18643 168.15372 168.01724 168.08984
 167.9641  168.1429  168.06036 167.96306 167.91702 167.66415 167.72202
 169.269   169.07394 168.98743 168.88441 168.93745 168.7136  168.8306
 168.87386 168.97466 168.12386 167.95909 168.3391  168.06392 168.20438
 168.03938 168.37094 168.42664 168.2962 ]","[40.29506  40.807434 40.40461  40.582478 40.770428 40.42775  40.474922
 40.371273 40.376762 40.461246 40.75296  40.812855 40.76491  40.55856
 40.8348   40.403427 40.60545  40.86175  40.174892 40.530724 40.25171
 40.361668 40.541264 40.139587 40.307655 40.44477  40.515038 40.532585
 40.68266  40.567383 40.700954 40.605984 40.591534 40.587925 40.646004
 40.631878 40.71193  40.724133 40.170616 40.18645  40.41219  40.372383
 40.66185  40.712833 40.780056 40.723827 40.791206 40.76168  40.04275
 40.23005  40.214954 40.640255 40.648106 40.808586 40.761047 40.69457
 40.612713 40.61211  40.7632   40.8207   40.548473 40.57869  40.55988
 40.612144 40.169792 40.272217 40.2849   40.046124 40.355213 40.021137
 40.53863  40.409348 40.361202 40.455822 40.762585 40.40671  40.4694
 40.45395  40.66911  40.684998 40.46171  40.69578  40.80699  40.711845
 40.58796  40.81615  39.79598  39.786667 40.013405 40.35866  39.941853
 39.70952  40.197926 40.036163 39.819775]","[ 88.84197486  33.75908552  67.73150747  46.54217519  37.60095467
  67.55761562  58.08235883  74.0609918   75.99278142  65.03593401
  40.44275135  36.5189377   41.34973563  61.08154347  35.66003541
  78.76289588  60.07645655  31.52754658 258.89170669 314.32521622
 266.32039256 288.59554182 309.91805281 211.30917399 281.18564905
 338.83936219 338.15436751 336.43673793 314.16864457 298.43751661
 318.07913767 298.64102533 299.13375301 301.22984746 307.8991494
 303.86402846 319.65928349 312.7260572  167.30463945 185.33388708
 350.84279264 356.1992885  340.89460743 344.53207812 336.58318721
 326.20519457 347.53710175 330.3457389  165.71136616 120.3798973
 115.55934497 350.13420147 355.43229023 354.24604845  14.86413325
  34.96168631  22.99721138  20.26787441  37.01515813  36.40316715
  50.99084548  52.95777603  51.04991313  45.5423016  108.00012728
  92.18458091  90.23837019 136.53605271  78.13366975 133.79611913
  55.69480071  62.22971505  75.77813885  65.4104987   40.39934411
  78.59376642  71.69773787 285.10274766 308.97017994 314.37481122
 298.04946279 317.93628605 339.04550994 325.87843455 313.19203587
 323.11932352 152.92253519 142.96567304 162.57812204  76.11713595
 151.26665527 151.31689355 145.19915328 175.75071625 165.74161792]","[90.3396251382714, 145.42251447719156, 111.45009252697895, 132.63942480632932, 141.5806453334812, 111.62398437868279, 121.09924116533222, 105.12060819865644, 103.18881858454586, 114.1456659938683, 138.7388486516079, 142.6626623012475, 137.8318643742154, 118.10005652831927, 143.5215645874066, 100.41870411534552, 119.10514345317972, 147.65405342418046, 100.2898933058043, 44.85638377779702, 92.86120743783079, 70.58605818458767, 49.26354718650265, 147.8724260078003, 77.99595095133094, 20.342237812370115, 21.027232487445872, 22.744862071057753, 45.01295542771504, 60.74408339488514, 41.10246233472765, 60.540574668104, 60.04784699356088, 57.95175253982012, 51.28245059984238, 55.3175715399351, 39.52231651453786, 46.45554279667249, 11.876960548812264, 173.8477129170292, 8.338807356088012, 2.9823115030379768, 18.286992567839093, 14.649521878741666, 22.59841278664163, 32.97640542677925, 11.644498251580558, 28.835861102858303, 13.470233838482244, 58.8017027031529, 63.62225502714324, 9.047398529309817, 3.74930976972189, 4.935551545371538, 164.31746674965348, 144.21991369262014, 156.18438861923244, 158.91372558784536, 142.16644186685375, 142.77843285216312, 128.19075451883612, 126.22382396859206, 128.1316868687329, 133.63929840289535, 71.18147271916052, 86.99701909286495, 88.94322981047651, 42.64554728562521, 101.0479302486495, 45.38548087411897, 123.48679929265495, 116.95188494654604, 103.40346115309376, 113.77110130098498, 138.78225589493945, 100.58783358192602, 107.48386212959667, 74.07885233634244, 50.211420057002385, 44.80678878284806, 61.132137205901586, 41.245313948946944, 20.136090057353044, 33.30316544946072, 45.98956412847531, 36.062276476002694, 26.259064813993007, 36.215926958500205, 16.603477962197786, 103.06446404814744, 27.91494472668694, 27.864706451472642, 33.982446721932035, 3.430883745629245, 13.439982075391327]"
1_9849,23.51705,27.87254,186.3985,[],[],[],[]
2_13471,17.76224,17.66282,80.1979,[],[],[],[]
2_19233,357.7107,6.1496,259.8582,[],[],[],[]
2_1435,173.0495,56.04783,352.85450000000003,"[172.02559 172.23589 172.37099 172.4286  172.28276 172.3712  172.56541
 172.31241 172.48338 172.38531 172.66776 172.30275 172.23228 172.39687
 172.74678 172.7653  172.56192 173.62056 173.30621 173.33646 173.34471
 173.52016 173.92589 173.99272 174.05042 174.31795 174.13844 174.2947
 174.24696 172.40427 172.3489  172.27065 172.38487 172.55513 172.57481
 172.46518 172.41606 172.43288 173.23007 173.04768 173.30208 172.88893
 173.39528 172.57661 173.21812 173.94005 173.50838 173.98137 174.48824
 173.67297 173.78545 173.9266  173.71304 173.69588 173.77196 174.4699
 174.4733  174.607   173.10947 173.40105 173.35526 173.61546 173.63701
 173.52275 173.01349 172.94563 172.94797 173.09666 173.31651 173.18633
 173.49019 173.37918 173.50443 172.65494 172.64426 172.79092 172.83582
 172.82547 172.90036 172.94427 173.15735 173.04166 173.05621 172.87466
 172.90999 172.6702  172.73862 172.74205 172.72968 172.81915 172.68884
 172.50822 172.51138 172.38531 172.23557 172.3948  172.27605 172.16426
 172.00273 172.11676 172.01147 172.06519 171.60806 171.55647 171.7811
 171.54971 171.49103 171.49605 171.47806 172.59074 173.72911 173.49963
 174.0328  173.55054 173.33034 174.24686 173.1045  173.17361 173.1617
 173.15215 173.31142 173.2055  173.30307 173.4094  173.26878 173.20467
 172.9195  172.76315 172.6951  172.55962 172.7802  172.62662 172.80396
 172.44077 173.09479 172.91534 173.09953 172.99512 172.2388  172.1547
 172.2546  172.54063 172.75278 172.5894  172.88527 172.45277 172.42815
 172.42366 171.98866 172.32867 172.0185 ]","[55.50016  55.316765 55.429443 55.380466 55.54714  55.397808 55.549793
 55.5383   55.41146  55.45676  55.311607 55.26293  55.56082  55.410416
 55.42261  55.451946 55.17743  55.336117 55.42238  55.32236  55.3978
 55.385414 55.573273 55.380833 55.38422  55.45694  55.488205 55.59023
 55.486286 55.53346  55.39312  55.547714 55.42238  55.440193 55.359093
 55.357094 55.40724  55.383263 55.524017 55.492428 55.437977 55.39861
 55.389954 55.377384 55.28194  55.544537 55.37418  55.301685 55.702118
 55.900772 55.923573 55.987156 55.906364 55.932476 55.88366  55.92403
 55.99485  56.187454 56.10567  56.008583 56.116604 56.1985   56.507687
 56.222996 55.934303 55.90048  55.828793 55.96744  56.283512 56.18011
 56.810993 56.742146 56.83107  55.933674 56.040737 55.84017  55.8452
 56.136814 56.126904 56.28515  56.433067 56.292953 56.441647 56.470184
 56.394142 56.486122 56.57774  56.529263 56.5003   56.45549  56.437584
 56.547382 56.29542  56.250675 56.83326  56.376553 56.81407  55.641235
 55.89223  56.16108  56.212124 56.273182 56.062416 55.99437  55.832172
 56.387413 56.30628  56.123127 55.771824 56.931274 55.89519  55.99951
 55.836678 56.14805  56.18244  56.593494 56.15373  56.11315  56.185802
 56.23492  55.89791  56.17862  56.59252  56.759296 56.405254 56.422607
 56.473328 56.34579  56.415302 56.338326 56.524914 56.36159  56.45106
 56.5995   55.97182  56.0485   56.212635 55.944996 56.523727 56.411163
 56.72575  55.672737 55.63913  56.14123  56.06718  56.270687 55.986843
 56.277035 56.161797 56.090595 56.201546]","[133.56033875 147.8941386  148.2960869  152.34102704 139.27787955
 149.55735616 151.34980338 140.87992335 153.39210836 147.69127822
 163.70371164 151.77535106 136.67766102 150.03433237 164.75149913
 164.97484044 162.44364485 204.33491458 193.01199012 192.57047104
 194.34730561 201.81246227 226.06117631 218.54108628 220.35160281
 230.38349129 227.58657924 236.81023166 230.18568926 144.80645581
 148.92253609 138.80076794 149.10853263 155.39386389 158.7760881
 154.51386454 150.88901936 152.40557248 190.96988971 179.89460207
 193.12324696 172.07021134 196.49114224 158.32991434 187.07885716
 224.84693107 200.99453656 215.15507982 246.81349014 247.14351927
 253.20491235 262.94484777 249.14150808 252.30412433 247.90234832
 261.14404062 266.19089501 279.135201   329.94670865 258.7015269
 291.95438662 295.52936985 324.65280671 303.59350431 169.93928948
 158.47401513 165.44609735 198.16038745 327.75577841 330.02814323
 342.29124832 345.27557599 342.19868126 117.3512175   91.79482304
 145.11133848 149.43752996  54.54889067  46.45987572  13.86745673
 351.15722234   1.02056973 359.45730544  12.94879066  12.62478126
  25.66820285  18.02502423  19.5162573   21.4276336   17.42758118
  27.21189284  31.01526549  50.42693925  61.26528117  29.8068677
  47.92217659  29.16787909 129.28601844 104.87531942  77.71747458
  74.14553655  67.65116347  88.96181132  93.66581259 106.88721769
  67.84372658  73.40980977  85.03506133 107.39903554  15.99703577
 248.13194822 259.12724496 249.02117974 289.72818051 310.68667878
 309.41334296 343.84333715 313.32402804 335.61270077 343.00304811
 224.35182277 326.37414923 345.52457246 344.36278114 341.16770098
 347.04140428   9.6313655   28.13148837  28.19426     43.1765157
  17.39622488  36.85795421  18.69148062  31.46077895 198.42251575
  89.48761526 350.39692308 163.5243586   43.39656313  53.85284757
  32.98817675 142.71567583 157.82293359  70.00255923  78.08420205
  56.15288747  99.95974122  56.6669615   79.09609459  83.93301297
  75.02480642]","[39.29416125152025, 24.96036140452398, 24.558413098294835, 20.51347296045398, 33.57662045422535, 23.29714383586196, 21.50469661511491, 31.974576645661557, 19.462391636605588, 25.163221784323156, 9.150788363995616, 21.079148937947366, 36.17683898063029, 22.82016762951818, 8.103000869872517, 7.879659562760992, 10.410855153159389, 148.5195854171334, 159.84250987666002, 160.28402896004988, 158.50719438773143, 151.04203773339526, 126.79332368973482, 134.31341372370804, 132.50289718697792, 122.4710087121532, 125.26792075825281, 116.04426833827551, 122.6688107396273, 28.048044193540107, 23.931963911153133, 34.05373206237749, 23.745967369182296, 17.460636108016274, 14.07841189767899, 18.340635463682673, 21.965480635477036, 20.44892752377592, 161.88461028932477, 172.9598979316329, 159.7312530439254, 0.7842886564394576, 156.36335776010466, 14.524585660912976, 165.7756428423403, 128.00756893387134, 151.8599634364979, 137.6994201788723, 106.04100985756799, 105.71098073230766, 99.64958765087903, 89.9096522265582, 103.71299192287353, 100.55037566730209, 104.952151678407, 91.71045938082938, 86.66360498854255, 73.7192990046384, 22.907791349407375, 94.15297310140403, 60.90011337611338, 57.32513015115393, 28.20169328752968, 49.26099568673777, 2.91521051624909, 14.380484870866212, 7.408402650276997, 154.6941125459772, 25.09872159460224, 22.826356773143345, 10.563251681918814, 7.578924007685714, 10.655818739822394, 55.503282504727736, 81.05967695625515, 27.743161522781122, 23.416970038700526, 118.30560933449522, 126.39462427791199, 158.98704326738255, 1.6972776641367204, 171.8339302668005, 173.39719455503797, 159.90570933715736, 160.22971873788498, 147.1862971514326, 154.82947577369248, 153.3382427026769, 151.4268664044696, 155.42691882126348, 145.64260715910314, 141.83923451136468, 122.4275607519179, 111.58921882584929, 143.04763230008365, 124.93232341493842, 143.68662091157967, 43.56848156239238, 67.97918058010353, 95.137025419432, 98.70896345415929, 105.20333653175976, 83.8926886847085, 79.18868740684292, 65.96728231264728, 105.01077341824549, 99.44469023136816, 87.81943866626347, 65.45546446369093, 156.85746422517968, 104.72255178412072, 93.72725504229885, 103.83332025682003, 63.126319489622915, 42.16782121864361, 43.44115703982783, 9.011162846982643, 39.530471955444284, 17.24179923192935, 9.851451892316561, 128.50267723474562, 26.48035077293963, 7.329927543491465, 8.491718860009769, 11.686799019561136, 5.813095719949956, 163.22313449546016, 144.72301163026458, 144.66023999813132, 129.67798430331493, 155.45827511646314, 135.99654578521256, 154.16301937601975, 141.39372104694957, 154.43198425392325, 83.36688474276053, 2.457576919160317, 9.330141397272712, 129.45793686936815, 119.00165242864938, 139.86632324884937, 30.138824173098925, 15.031566408119517, 102.85194076562044, 94.77029794934123, 116.70161253203065, 72.89475878335423, 116.1875384954223, 93.75840541089514, 88.9214870299632, 97.8296935849404]"
2_4405,208.1606,46.34984,260.8109,"[209.26967 208.85577 208.56877 208.62183 208.52856 208.29887 208.39024
 208.35394 208.08385 207.8457  208.00175 208.09044 207.12589 207.46065
 207.77359 207.68706 207.77695 207.68279 207.98651 208.00067 207.95567
 208.41788 208.88583 208.4594 ]","[46.264225 46.37703  46.631516 46.38942  46.340107 46.404896 46.540176
 46.46148  46.505726 46.53643  46.451847 46.44162  45.998787 46.264507
 46.26682  46.26178  46.349407 45.643867 46.134518 46.210438 46.24804
 46.002563 45.734158 46.20676 ]","[263.62371639 273.2438763  315.06727646 277.08931372 267.80565177
 299.99050171 320.26159029 309.94222419  18.74580101  49.30731017
  47.03965229  27.79914716 116.10261661 100.00859937 107.2520425
 105.06643604  90.09364071 154.81783703 150.78738186 141.5891226
 125.71681277 207.15742038 219.2708374  235.28465132]","[177.1871836104471, 167.56702369756823, 125.74362354111048, 163.72158627591438, 173.00524822781557, 140.8203982872958, 120.54930971493741, 130.86867581015497, 62.06509899181793, 31.503589829618306, 33.77124770961993, 53.01175284269377, 144.70828338890982, 160.80230063375035, 153.55885750422385, 155.744463962387, 170.71725928828175, 105.99306297415384, 110.02351813990865, 119.2217773965034, 135.094087226981, 53.65347961670949, 41.54006259894933, 25.526248683158116]"
2_14948,336.5331,17.35652,322.1181,[],[],[],[]
2_8768,10.11781,29.55599,244.18759999999997,[],[],[],[]
2_1139,135.3225,58.27975,7.467199999999998,"[134.505   134.77547 135.02328 134.87561 135.25964 135.09604 135.20297
 135.07364 135.42577 135.65746 135.60767 135.52081 135.42934 135.32166
 135.89864 135.38853 135.32257 135.35814 135.44322 135.72614 135.90614
 135.36533 135.37592]","[58.3569   58.124866 58.306744 58.06646  58.1215   58.099293 58.173912
 58.138042 58.363705 58.18495  58.36529  58.3375   58.277794 58.097397
 58.267433 58.21921  58.208218 58.239056 58.141094 58.484047 58.508633
 58.76179  58.73463 ]","[ 79.81326864 118.25072234  80.26005975 132.14637594 168.17868604
 146.51585827 149.26151162 137.22540865 327.13980064 241.73887728
 299.73606494 299.00094674 268.00560047 179.86009331 267.67199196
 209.85564762 180.02984654 204.73655732 204.63925284 313.99294783
 306.80741781 357.34379236 356.48969347]","[107.65393136153813, 69.2164776597306, 107.20714025125011, 55.320824059813134, 19.288513955090934, 40.95134173067743, 38.20568837517584, 50.24179134732972, 40.32739935636653, 125.72832272302423, 67.73113506479342, 68.46625325823635, 99.46159952992576, 7.607106694733261, 99.79520803820736, 157.61155238214926, 7.437353460021626, 162.73064268442099, 162.82794716477235, 53.474252170870386, 60.659782191952786, 10.12340764156113, 10.977506525219383]"
2_4549,214.4758,43.38805,282.927,"[214.56284 214.84146 214.78725 214.77591 214.12859 214.42136 214.39497
 214.49835 214.334   214.31543 214.63065 214.2599  214.41026 214.35051
 214.59296 214.95721 214.82518]","[42.91403  43.1659   43.478775 43.55153  43.00197  43.271034 43.387238
 43.421066 43.31737  43.859604 43.689472 43.80119  43.754913 43.839806
 43.849575 43.727688 43.345398]","[187.62958796 230.15638994 291.85800383 306.89152537 146.74971448
 161.30184206  90.79244842 333.60683614 124.42967651  13.83035386
 339.57477289  20.73011062   7.37469805  11.35378231 349.58688055
 314.23170776 260.46737507]","[95.29741204026152, 52.77061005913913, 171.0689961745021, 156.0354746281351, 136.1772855212366, 121.6251579436171, 12.13455158444907, 129.3201638596392, 158.4973234912386, 89.09664614331456, 123.35222710775281, 82.19688938321633, 95.55230195265545, 91.57321769290695, 113.34011944760937, 148.69529223569685, 22.459624932298084]"
2_3273,219.4378,48.59002,330.35780000000005,"[219.36037 219.72382 219.75049 219.19391 219.1208  219.26723 219.16849
 219.52249 219.5299  219.62022 219.51942 219.16287 219.183   219.27068
 219.28416]","[48.81861  48.72038  48.930107 48.76649  48.70506  48.817524 48.984688
 48.491608 48.558716 48.68738  48.387646 48.334927 48.23746  48.27279
 48.17612 ]","[ 12.60130595 304.60382823 328.77974775  42.38195112  61.22087401
  26.3263988   24.20812182 209.67348404 242.81191075 308.92671021
 194.96615112 144.44777163 154.37282294 160.73266594 166.15128512]","[137.75649404983994, 25.75397177453226, 1.578052248102324, 107.97584887923239, 89.13692599058328, 124.03140119949865, 126.14967818413055, 120.68431596453661, 87.54588925089456, 21.431089791258728, 135.39164888310057, 5.910028365722354, 175.98497705524838, 169.6251340550511, 164.2065148779355]"
2_11151,11.60317,20.62172,208.96519999999998,[],[],[],[]
2_2338,126.745,53.21244,315.9323,"[126.56368 126.89666 127.01504 126.25549 127.37318 127.44341 126.81195
 126.77876 126.7356  126.79808 126.83724 126.76737 126.87381 126.81093
 127.31722 127.08308 127.01375 126.91067 126.74907 126.61325 126.14885]","[53.389076 53.395058 53.616817 52.918957 53.385284 53.36665  53.242874
 53.156586 53.16591  53.17535  53.173992 53.074245 53.125946 52.988594
 53.25233  53.20494  53.240597 53.595753 53.539154 53.62936  53.2738  ]","[ 31.52713879 333.60614686 338.29677102 134.93556369 294.72123723
 290.27282577 307.21125377 199.911839   173.10078297 220.60993245
 235.1731688  185.54621935 221.75617846 190.02833597 276.64297212
 267.87886399 279.92678714 345.55127354 359.57428952  10.66492806
  80.24076067]","[104.40516121042828, 162.32615314495536, 157.6355289786402, 0.996736308005552, 21.211062774237064, 25.65947422934545, 8.721046225219766, 116.02046100353994, 142.83151703339064, 95.32236755408647, 80.75913119890194, 130.38608065317285, 94.17612154111777, 125.90396402962838, 39.28932787898515, 48.053436013700946, 36.00551286149374, 150.3810264637305, 136.3580104847535, 125.26737194336079, 55.691539330343375]"
2_11146,10.47933,21.37707,230.22610000000003,[],[],[],[]
2_13186,354.4556,20.80947,288.773,[],[],[],[]
