recno,ABELL,RAB1950,DEB1950,Field,Xcen,Ycen,Atype,BMtype,Count,u_Count,m1,u_m1,m3,u_m3,m10,u_m10,Prev,Xpos,Ypos,GLON,GLAT,z,u_z,Rich,Dclass,m10A,NF_1,Obs_1,NF_2,Obs_2,_RA_icrs,_DE_icrs
1,2708,0.9749999999999999,-17.166666666666664,"F538",49,150,"RI?","II",58, ,16.2,:,16.8, ,17.9, ," ",115,314,75.17,-75.4,, ,1,5,17.2,1,C,1,O,1.6137574999999997,-16.888297777777776
2,2712,1.1249999999999998,-18.38333333333333,"F538",55,86,"IR ","I",83,:,17.4, ,17.8, ,18.5,:," ",109,250,72.05,-76.36,, ,2,6,17.3,1,O,1,C,1.7633702777777776,-18.104979999999998
3,2,1.4249999999999998,-19.93333333333333,"F538",70,3,"R  ","I:",76,:,16.0, ,17.0, ,17.8, ," ",94,167,67.71,-77.6,, ,1,5,17.2,1,O,1,C,2.0626338888888887,-19.65501833333333
4,13,2.7749999999999995,-19.78333333333333,"F539",-127,14,"R  ","III",96, ,15.4, ,15.6, ,16.3, ," ",291,178,72.27,-78.46,, ,2,5,16.5,2,O,1,C,3.410319166666666,-19.505294999999997
5,14,3.1499999999999995,-24.166666666666664,"F473",-118,46,"RI:","II-III",29, ,12.7, ,14.3,:,15.0,:," ",282,210,52.51,-81.19,0.064, ,0,3,15.2,1,C,1,O,3.783175555555555,-23.88872583333333
6,15,3.1499999999999995,-26.316666666666663,"F473",-114,-71,"R  ","III",52, ,15.9, ,16.6, ,17.1, ," ",278,93,38.53,-81.81,0.121, ,1,5,17.2,1,C,, ,3.7824061111111105,-26.038722499999995
7,20,4.3,-22.93333333333333,"F473",-63,112,"I  ","II",66,:,16.9,?,17.3,?,18.8,:," ",227,276,63.1,-81.53,, ,1,6,17.4,1,C,1,O,4.931263055555555,-22.655787499999995
8,22,4.499999999999999,-25.999999999999996,"F473",-49,-52,"R  ","I-II",192, ,16.2, ,17.6, ,18.0, ," ",213,112,42.68,-82.94,0.1432, ,3,6,17.3,1,C,, ,5.12935111111111,-25.722529166666664
9,27,5.599999999999999,-20.999999999999996,"F539",15,-52,"R  ","II",46, ,15.0, ,15.1, ,16.5, ," ",149,112,78.13,-81.19,, ,0,5,16.7,1,O,, ,6.229742222222221,-20.723036388888886
10,33,6.174999999999999,-19.78333333333333,"F539",45,13,"R  ","III",139, ,18.4, ,18.6, ,19.4, ," ",119,177,85.58,-80.57,, ,3,6,17.4,1,O,, ,6.804441944444443,-19.50667333333333
11,35,6.224999999999999,-21.83333333333333,"F539",46,-96,"R  ","III:",146, ,17.3, ,17.9, ,19.0,:," ",118,68,77.18,-82.19,, ,3,6,17.4,1,O,1,C,6.85306111111111,-21.55669722222222
12,42,6.5249999999999995,-23.916666666666664,"F473",47,60,"R  ","II",141, ,16.0,?,16.7, ,17.8, ," ",117,224,65.76,-83.78,0.1087, ,3,5,17.2,1,C,, ,7.151069166666666,-23.640196666666665
13,47,6.999999999999999,-24.449999999999996,"F473",71,30,"R  ","II-III",29, ,17.0,?,17.5, ,18.1, ," ",93,194,63.83,-84.43,, ,0,6,17.3,1,C,, ,7.6246649999999985,-24.17381333333333
14,50,7.199999999999999,-22.499999999999996,"F473",81,135,"I  ","II-III:",77, ,15.9,:,17.0, ,17.8, ," ",83,299,78.86,-83.3,, ,1,5,17.2,2,C,1,O,7.825697777777776,-22.223941666666665
15,51,7.299999999999999,-23.916666666666664,"F473",85,59,"I  ","II-III",34, ,15.3, ,16.0, ,16.9, ," ",79,223,69.89,-84.34,, ,0,5,17.1,1,C,, ,7.9244233333333325,-23.640669999999997
16,61,8.075,-23.449999999999996,"F473",125,84,"I  ","II-III",67, ,17.5, ,17.8, ,18.7, ," ",39,248,78.42,-84.54,, ,1,6,17.3,2,C,, ,8.69817361111111,-23.174527499999996
17,74,9.149999999999999,-22.58333333333333,"F474",-93,133,"I  ","II-III",50, ,14.4, ,15.0, ,15.8, ," ",257,297,92.08,-84.42,, ,1,4,15.9,2,C,, ,9.771764444444443,-22.30867194444444
18,80,9.499999999999998,-24.93333333333333,"F474",-76,3,"I  ","III",32, ,15.1, ,15.2, ,15.6, ," ",240,167,77.38,-86.51,, ,0,4,15.8,1,C,, ,10.118756111111109,-24.658951666666663
19,86,10.049999999999999,-22.066666666666663,"F540",-24,-109,"R  ","II-III",41,:,14.1,:,14.8, ,15.6, ," ",188,55,102.0,-84.31,0.061, ,0,4,15.8,2,C,, ,10.670510833333331,-21.792758055555552
20,88,10.124999999999998,-26.33333333333333,"F474",-44,-70,"I  ","III",35, ,15.3, ,15.6, ,16.8, ," ",208,94,61.89,-87.82,0.1086, ,0,5,17.0,1,C,, ,10.740864444444442,-26.05948222222222
21,93,10.424999999999999,-18.816666666666663,"F540",-6,64,"I  ","II",27, ,14.5, ,15.5, ,16.1, ," ",170,228,111.57,-81.25,, ,0,4,16.3,1,C,, ,11.04813222222222,-18.543097777777774
22,97,10.825,-23.466666666666665,"F474",-11,83,"R  ","II",72, ,16.8, ,17.6, ,18.0, ," ",175,247,104.58,-85.86,, ,1,6,17.3,1,C,, ,11.442480277777776,-23.193456944444442
23,99,10.874999999999998,-17.666666666666664,"F540",17,125,"I? ","II-III:",28, ,15.4,?,15.9, ,17.7, ," ",147,289,115.3,-80.18,, ,0,5,17.2,1,C,, ,11.498604999999998,-17.393515555555553
24,107,11.974999999999998,-19.549999999999997,"F540",72,24,"R  ","II-III",34, ,15.6,?,15.9, ,17.1, ," ",92,188,121.11,-82.15,, ,0,5,17.2,1,C,, ,12.594787499999999,-19.27793111111111
25,114,12.874999999999998,-21.999999999999996,"F540",111,-107,"I  ","II",30, ,14.4, ,15.3, ,15.9, ," ",53,57,129.14,-84.57,0.0566, ,0,4,16.0,2,C,1,O,13.490184999999999,-21.728888888888886
26,118,13.249999999999998,-26.649999999999995,"F474",106,-89,"I  ","II-III",77, ,15.8,:,16.5, ,17.4, ," ",58,75,173.15,-88.84,, ,1,5,17.2,1,C,1,O,13.85810972222222,-26.37929944444444
27,122,13.749999999999998,-26.549999999999997,"F474",129,-84,"R  ","I-II",81,:,16.0, ,16.8, ,18.0, ," ",35,80,180.9,-88.42,, ,2,5,17.2,1,C,1,O,14.35707972222222,-26.279878888888884
28,127,14.399999999999999,-23.78333333333333,"F475",-106,68,"R  ","II-III",41,:,17.6, ,18.6, ,19.1, ," ",270,232,151.68,-85.9,, ,0,6,17.4,1,O,1,C,15.00971333333333,-23.51400194444444
29,133,15.074999999999998,-22.15,"F541",-38,-115,"R  ","I",60, ,14.0, ,15.4, ,16.4, ," ",202,49,149.65,-84.16,0.0604, ,1,5,16.5,2,O,, ,15.685801944444442,-21.88152305555555
30,135,15.249999999999998,-22.866666666666664,"F475",-63,116,"RI ","II:",74, ,16.6, ,18.0, ,19.0, ," ",227,280,154.58,-84.72,, ,1,6,17.4,2,O,, ,15.859379166666665,-22.59841444444444
31,140,15.524999999999999,-24.249999999999996,"F475",-49,42,"R  ","I-II",79, ,15.4, ,16.4, ,18.1, ," ",213,206,166.83,-85.69,0.152, ,1,6,17.3,1,O,, ,16.131664444444443,-23.982105555555552
32,141,15.774999999999999,-24.916666666666664,"F475",-37,7,"I  ","II-III",49, ,18.0, ,18.3, ,18.5, ," ",201,171,175.67,-85.98,0.23, ,0,6,17.3,1,O,, ,16.38005972222222,-24.649104166666664
33,144,15.974999999999998,-21.166666666666664,"F541",8,-62,"RI ","I-II",54, ,17.2, ,18.4, ,19.2, ," ",156,102,152.37,-82.9,, ,1,6,17.4,1,O,, ,16.58564611111111,-20.899384166666664
34,155,16.874999999999996,-25.149999999999995,"F475",16,-6,"I  ","II",76, ,16.1, ,17.2, ,18.4, ," ",148,158,185.57,-85.28,, ,1,6,17.3,1,O,, ,17.477287777777775,-24.88396444444444
35,177,19.4,-21.299999999999997,"F542",-83,-57,"R  ","III",55, ,17.4, ,17.7, ,18.6, ," ",247,107,171.42,-81.08,, ,1,6,17.3,1,C,, ,20.004304444444443,-21.03785222222222
36,183,19.824999999999996,-22.199999999999996,"F542",-59,-118,"I  ","III:",40, ,15.8, ,16.3,:,17.9,:," ",223,46,177.55,-81.38,, ,0,5,17.2,1,C,2,O,20.42681194444444,-21.938552499999997
37,185,19.924999999999997,-21.73333333333333,"F542",-56,-90,"IR ","II-III",64, ,15.9,?,16.7, ,17.6, ," ",220,74,175.59,-81.01,, ,1,5,17.2,1,C,, ,20.527536111111107,-21.472054722222218
38,187,20.025,-19.466666666666665,"F542",-52,30,"RI ","III",57, ,15.9, ,16.2, ,17.5, ," ",216,194,166.59,-79.34,, ,1,5,17.2,1,C,, ,20.63171194444444,-19.20556333333333
39,197,21.074999999999996,-18.43333333333333,"F542",2,88,"R  ","III",92, ,16.0, ,16.6, ,17.2, ," ",162,252,167.01,-77.91,, ,2,5,17.2,1,C,, ,21.682078055555554,-18.174048055555552
40,199,21.199999999999996,-18.03333333333333,"F542",7,107,"RI ","III",29, ,15.9, ,16.3, ,17.7, ," ",157,271,166.23,-77.52,, ,0,5,17.2,1,C,, ,21.807678888888887,-17.77427111111111
41,206,21.549999999999997,-25.916666666666664,"F476",-22,-47,"R  ","II",74, ,17.5, ,18.3, ,19.1, ," ",186,117,205.0,-81.56,, ,1,6,17.4,1,O,, ,22.140594999999998,-25.65820583333333
42,210,22.474999999999998,-26.266666666666662,"F476",21,-66,"RI ","I-II",65, ,16.4, ,17.7, ,18.7, ," ",143,98,208.26,-80.81,, ,1,6,17.3,1,O,, ,23.062771111111108,-26.009908888888884
43,214,22.999999999999996,-26.366666666666664,"F476",47,-72,"R  ","I-II",98, ,16.8,:,17.8, ,19.1, ," ",117,92,209.31,-80.36,, ,2,6,17.4,1,O,, ,23.58637972222222,-26.11090555555555
44,215,23.224999999999998,-23.73333333333333,"F476",59,69,"RI ","II",66,:,16.8, ,18.0, ,19.1, ," ",105,233,195.12,-79.45,, ,1,6,17.4,1,O,, ,23.81708944444444,-23.47801583333333
45,235,24.424999999999997,-17.68333333333333,"F543",-94,128,"R  ","III",53, ,18.6, ,19.2, ,19.5, ," ",258,292,174.67,-75.16,, ,1,6,17.4,1,O,, ,25.028797777777775,-17.430419444444443
46,238,24.649999999999995,-23.28333333333333,"F476",130,91,"R  ","II-III?",20,?,19.1, ,19.4, ,19.7, ," ",34,255,195.58,-78.07,, ,0,6,17.4,2,O,, ,25.240420555555552,-23.03085694444444
47,264,27.399999999999995,-26.03333333333333,"F477",-8,-54,"R  ","I-II",59, ,16.7, ,16.8, ,17.8, ," ",172,110,210.7,-76.41,, ,1,5,17.2,1,O,, ,27.977791388888885,-25.78676361111111
48,273,27.924999999999997,-23.83333333333333,"F477",18,64,"RI ","II-III",59, ,16.7, ,18.1, ,18.6, ," ",146,228,202.34,-75.43,, ,1,6,17.3,1,O,, ,28.507824999999997,-23.587968055555553
49,283,28.699999999999996,-22.366666666666664,"F477",55,142,"IR ","II:",80,:,16.3, ,17.9, ,18.5, ," ",109,306,197.98,-74.27,, ,2,6,17.3,2,O,, ,29.285442777777774,-22.123109722222217
50,289,29.624999999999996,-24.899999999999995,"F477",101,6,"R  ","I-II",77,:,15.5, ,17.9, ,18.4, ," ",63,170,207.82,-74.22,, ,1,6,17.3,2,O,, ,30.201541666666664,-24.658639166666664
51,297,29.949999999999996,-25.849999999999998,"F477",116,-45,"RI:","II",93, ,17.5, ,18.3, ,18.3, ," ",48,119,211.45,-74.11,, ,2,6,17.3,2,O,, ,30.523070277777773,-25.609424999999998
52,302,30.799999999999997,-24.999999999999996,"F478",-109,0,"R  ","I",106, ,17.5, ,18.6, ,19.0, ," ",273,164,209.0,-73.2,, ,2,6,17.3,2,O,, ,31.373962222222218,-24.76153361111111
53,327,32.65,-26.38333333333333,"F478",-19,-73,"RI ","I-II",68, ,16.0, ,17.5, ,17.8, ," ",183,91,214.5,-71.8,, ,1,5,17.2,1,O,, ,33.21593194444444,-26.149619999999995
54,325,32.724999999999994,-25.53333333333333,"F478",-16,-27,"R  ","I?",149,:,17.5,:,17.6,:,18.6, ," ",180,137,211.86,-71.6,, ,3,6,17.3,1,O,, ,33.29355611111111,-25.299823055555553
55,343,34.175,-22.099999999999998,"F544",130,-113,"RI:","II-III",65, ,16.9, ,18.0, ,19.0, ," ",34,51,202.92,-69.43,, ,1,6,17.4,3,O,, ,34.752021111111105,-21.870418888888885
56,341,34.199999999999996,-17.083333333333332,"F544",137,156,"I  ","II-III",58, ,16.2, ,17.1, ,18.4, ," ",27,320,190.62,-67.27,, ,1,6,17.3,1,O,, ,34.79251555555555,-16.853849444444442
57,353,36.24999999999999,-22.316666666666663,"F545",-28,-124,"R  ","II",73, ,16.8, ,18.1, ,18.7, ," ",192,40,205.17,-67.68,, ,1,6,17.3,2,O,1,C,36.82296722222222,-22.092934722222218
58,367,38.574999999999996,-19.583333333333332,"F545",90,22,"R  ","I",101, ,15.3, ,16.0, ,17.3, ," ",74,186,200.72,-64.68,, ,2,5,17.2,1,O,, ,39.15384333333333,-19.366522777777774
59,368,38.8,-26.71666666666666,"F479",12,-92,"R  ","II?",85, ,17.9, ,18.6, ,19.2, ," ",152,72,217.51,-66.39,, ,2,6,17.4,1,C,, ,39.35270277777777,-26.500494444444442
60,380,40.574999999999996,-26.48333333333333,"F479",96,-78,"RI:","II",82,:,16.0,:,16.5, ,17.2, ," ",68,86,217.49,-64.79,, ,2,5,17.2,1,C,1,O,41.12530583333333,-26.272697777777775
61,385,41.37499999999999,-22.099999999999998,"F546",-34,-111,"I  ","III",25, ,17.5, ,17.8, ,18.5, ," ",198,53,208.13,-63.09,, ,0,6,17.3,2,C,, ,41.940864166666664,-21.89195833333333
62,386,41.89999999999999,-17.38333333333333,"F546",-7,142,"I  ","III",50, ,16.2, ,16.5, ,16.9, ," ",171,306,199.15,-60.91,, ,1,5,17.1,1,C,, ,42.4824486111111,-17.177029444444443
63,389,42.3,-25.149999999999995,"F480",-85,-8,"R  ","I",133, ,15.1, ,16.0, ,16.8, ," ",249,156,215.12,-63.03,0.116, ,3,5,17.0,1,O,, ,42.85258749999999,-24.944947499999998
64,402,43.849999999999994,-22.349999999999998,"F546",88,-125,"R  ","III",58,:,18.8, ,19.3, ,19.8, ," ",76,39,210.06,-60.97,, ,1,6,17.4,1,C,2,O,44.41130305555555,-22.150136388888885
65,406,44.14999999999999,-19.849999999999998,"F546",107,11,"RI ","II",57, ,18.0, ,18.3, ,19.2, ," ",57,175,205.44,-59.91,, ,1,6,17.4,2,C,1,O,44.72062805555555,-19.651173055555553
66,416,46.224999999999994,-16.9,"F547",-54,169,"I  ","I-II",44, ,18.4, ,18.6, ,19.2, ," ",218,333,201.69,-56.95,, ,0,6,17.4,1,O,1,C,46.804606388888885,-16.70838111111111
67,419,46.49999999999999,-23.88333333333333,"F480",122,58,"RI ","I-II",28, ,14.3, ,14.6, ,16.0, ," ",42,222,214.3,-59.02,0.0406, ,0,4,16.2,2,O,, ,47.05118166666666,-23.692627222222217
68,428,48.474999999999994,-19.28333333333333,"F547",60,37,"RI ","II",32, ,15.1, ,15.6,:,16.4, ," ",104,201,207.15,-55.89,, ,0,5,16.5,1,C,1,O,49.042738333333325,-19.09976833333333
69,453,55.599999999999994,-20.166666666666664,"F549",-110,-8,"RI ","II",61, ,16.4,:,17.7, ,18.2, ," ",274,156,212.29,-49.88,, ,1,6,17.3,2,O,, ,56.15630499999999,-20.01046361111111
70,456,55.79999999999999,-20.916666666666664,"F549",-100,-48,"IR ","II-III",136,:,15.8, ,17.8, ,19.1, ," ",264,116,213.49,-49.94,, ,3,6,17.3,2,O,, ,56.35266027777777,-20.76126083333333
71,457,55.824999999999996,-20.333333333333332,"F549",-99,-15,"RI ","II-III",91,:,17.8, ,18.5, ,19.0, ," ",263,149,212.64,-49.73,, ,2,6,17.3,2,O,, ,56.38031638888888,-20.178034444444442
72,458,55.89999999999999,-24.43333333333333,"F482",42,32,"IR ","I",90, ,14.8,:,16.2, ,16.8, ," ",122,196,218.83,-50.82,0.105, ,2,5,17.0,1,C,, ,56.43590194444444,-24.278293611111106
73,459,55.949999999999996,-20.449999999999996,"F549",-93,-23,"I  ","II",105, ,16.1, ,17.3, ,18.1, ," ",257,141,212.87,-49.66,, ,2,6,17.3,1,O,, ,56.50465472222221,-20.295204166666664
74,462,56.57499999999999,-17.833333333333332,"F549",-62,117,"I  ","II",89, ,16.1, ,16.6, ,17.8, ," ",226,281,209.44,-48.21,, ,2,5,17.2,1,O,, ,57.140942499999994,-17.68109722222222
75,464,56.74999999999999,-17.966666666666665,"F549",-53,110,"R: ","I",133, ,16.4, ,17.1, ,17.6, ," ",217,274,209.71,-48.1,, ,3,5,17.2,1,O,, ,57.31519277777777,-17.815141666666666
76,463,56.77499999999999,-21.78333333333333,"F549",-52,-94,"RI ","II",36, ,16.7, ,18.0, ,18.5, ," ",216,70,215.19,-49.34,, ,0,6,17.3,1,O,, ,57.32258888888888,-21.631870277777775
77,467,57.07499999999999,-22.449999999999996,"F549",-37,-130,"RI:","I-II",73, ,16.5,:,17.0, ,18.3, ," ",201,34,216.29,-49.26,, ,1,6,17.3,1,O,1,C,57.61909805555555,-22.299754444444442
78,469,57.44999999999999,-22.366666666666664,"F549",-18,-126,"R  ","I-II",102, ,17.0, ,17.6, ,18.8,:," ",182,38,216.32,-48.91,, ,2,6,17.3,1,O,2,C,57.99409138888888,-22.217958888888887
79,472,60.349999999999994,-17.266666666666666,"F549",131,146,"RI ","II-III",124, ,16.8,?,17.5, ,18.1, ," ",33,310,210.59,-44.65,, ,2,5,17.2,1,O,1,C,60.91549222222221,-17.130109444444443
80,473,60.49999999999999,-17.566666666666663,"F550",-128,128,"I  ","I-II",72,:,15.7,:,17.0,:,18.2, ," ",292,292,211.06,-44.63,, ,1,6,17.3,1,C,1,O,61.06398416666666,-17.430741666666663
81,474,62.39999999999999,-16.816666666666663,"F550",-34,170,"R? ","II?",0,*,15.1, ,15.7, ,17.1, ," ",198,334,211.03,-42.66,, ,0,5,17.2,1,C,, ,62.966129444444434,-16.688878611111107
82,487,65.19999999999999,-24.43333333333333,"F484",-40,31,"I  ","II-III",93, ,16.4, ,17.0, ,17.6, ," ",204,195,221.98,-42.64,, ,2,5,17.2,1,C,, ,65.72582694444444,-24.317686666666663
83,490,66.19999999999999,-20.833333333333332,"F551",-106,-43,"RI ","I",48, ,17.7, ,18.1, ,18.7, ," ",270,121,217.75,-40.69,, ,0,6,17.3,1,O,, ,66.7437322222222,-20.722167777777774
84,495,66.975,-26.48333333333333,"F484",45,-80,"R  ","III",78, ,16.7,:,16.9, ,18.1, ," ",119,84,225.21,-41.62,, ,1,6,17.3,1,C,, ,67.48798166666666,-26.375557499999996
85,499,68.74999999999999,-20.549999999999997,"F551",22,-28,"R: ","I-II",91, ,16.7, ,17.5, ,18.8, ," ",142,136,218.41,-38.34,, ,2,5,17.2,1,O,, ,69.29338805555554,-20.45030194444444
86,500,69.175,-22.216666666666665,"F551",43,-118,"R  ","II-III",58,:,14.8, ,15.1, ,15.8, ," ",121,46,220.58,-38.5,0.0666, ,1,4,15.9,1,O,1,C,69.70937027777777,-22.11887805555555
87,507,70.27499999999999,-18.566666666666663,"F552",-166,74,"R  ","III",33, ,18.7, ,19.1,:,20.0, ," ",330,238,216.68,-36.31,, ,0,6,17.3,1,C,, ,70.82763888888888,-18.473945555555552
88,510,71.02499999999999,-21.116666666666664,"F552",-127,-62,"RI ","II-III:",40, ,17.9,?,18.5,:,19.4, ," ",291,102,219.96,-36.52,, ,0,6,17.3,1,C,, ,71.56397277777776,-21.027356666666662
89,511,71.14999999999999,-25.549999999999997,"F485",-20,-27,"RI ","III",92, ,17.1, ,17.3, ,18.0, ," ",184,137,225.31,-37.75,, ,2,5,17.2,1,C,, ,71.66468138888888,-25.461206666666662
90,514,71.425,-20.516666666666662,"F552",-108,-28,"I  ","II-III",60, ,14.4,:,15.1, ,16.0, ," ",272,136,219.41,-35.97,0.0731, ,1,4,16.1,1,C,1,O,71.96689555555554,-20.42920722222222
91,524,73.94999999999999,-19.78333333333333,"F552",18,11,"R  ","III",74, ,16.2, ,16.4, ,17.7, ," ",146,175,219.56,-33.49,, ,1,5,17.1,1,C,, ,74.4944086111111,-19.70761111111111
92,533,74.79999999999998,-22.699999999999996,"F486",-110,125,"R  ","III",37, ,14.4, ,14.7, ,15.5, ," ",274,289,223.18,-33.72,0.0472, ,0,3,15.6,3,C,, ,75.32824722222222,-22.62822111111111
93,540,80.82499999999999,-25.766666666666662,"F487",-85,-39,"RI ","II-III",84, ,17.2, ,17.5, ,18.5, ," ",249,125,228.64,-29.48,, ,2,5,17.2,1,C,, ,81.33293416666666,-25.723472499999996
94,543,82.12499999999999,-22.48333333333333,"F554",-98,-133,"RI ","II",90, ,17.6, ,18.5,:,19.2, ," ",262,31,225.56,-27.27,, ,2,6,17.3,1,O,2,C,82.65146416666666,-22.446436944444443
95,544,82.225,-25.999999999999996,"F487",-18,-52,"I  ","III",92, ,17.2, ,17.6, ,18.1, ," ",182,112,229.35,-28.36,, ,2,5,17.2,1,C,, ,82.7310561111111,-25.963534722222217
96,548,86.225,-25.649999999999995,"F488",-90,-33,"RI ","I-II",92, ,13.3, ,13.5, ,14.6, ," ",254,131,230.3,-24.84,0.041, ,2,2,14.6,1,O,, ,86.73217972222221,-25.632882499999997
97,550,87.69999999999999,-21.083333333333332,"F555",-79,-56,"R  ","I-II",50, ,15.6, ,15.8, ,16.8, ," ",243,108,226.19,-21.94,, ,1,5,16.8,1,O,, ,88.23332777777776,-21.073440277777774
98,551,88.1,-17.749999999999996,"F555",-60,123,"IR ","II-III",143, ,17.6, ,18.3, ,18.8, ," ",224,287,223.05,-20.3,, ,3,5,17.1,1,O,, ,88.65150777777777,-17.742095
99,555,93.72499999999998,-17.23333333333333,"F556",-44,147,"I  ","I-II",62, ,16.2, ,16.5, ,17.5, ," ",208,311,224.84,-15.19,, ,1,5,16.8,1,C,1,O,94.27936833333332,-17.25275361111111
100,823,142.67499999999998,-25.63333333333333,"F498",-18,-31,"R  ","II-III:",98, ,17.8, ,18.2, ,19.2, ," ",182,133,256.59,18.66,, ,2,6,17.4,1,C,, ,143.2347072222222,-25.85556555555555
101,842,144.02499999999998,-20.749999999999996,"F565",109,-40,"I  ","II:",39, ,14.6,?,16.5, ,17.1, ," ",55,124,253.77,22.96,, ,0,5,17.2,1,C,1,O,144.60369583333332,-20.97614444444444
102,857,144.97499999999997,-22.43333333333333,"F498",95,140,"RI:","II-III",63, ,16.1,?,17.0, ,18.0, ," ",69,304,255.75,22.41,, ,1,6,17.3,2,C,1,O,145.54972638888887,-22.662136111111106
103,916,150.34999999999997,-19.116666666666664,"F567",-97,48,"I  ","II-III",33, ,17.5, ,17.9, ,18.9, ," ",261,212,257.24,28.27,, ,0,6,17.4,1,C,, ,150.94297416666666,-19.359343888888887
104,955,152.64999999999998,-24.249999999999996,"F500",-67,42,"R  ","II-III",84, ,17.6,?,17.9, ,18.6, ," ",231,206,262.82,25.77,, ,2,6,17.4,1,C,, ,153.23322166666665,-24.497954999999997
105,966,153.47499999999997,-25.166666666666664,"F500",-26,-8,"R  ","II:",65, ,17.0,?,17.6, ,18.5, ," ",190,156,264.1,25.51,, ,1,6,17.4,1,C,, ,154.0574522222222,-25.416420277777775
106,1060,158.575,-27.249999999999996,"F501",-45,-121,"RI ","III",39, ,11.5, ,11.8, ,12.7,:," ",209,43,269.59,26.5,0.0114, ,0,0,13.0,1,C,1,O,159.16362999999998,-27.509714722222217
107,1088,160.54999999999998,-19.216666666666665,"F569",-113,42,"RI ","II-III",25, ,15.6, ,16.0, ,16.8, ," ",277,206,266.15,34.18,, ,0,5,17.2,2,C,, ,161.15855305555553,-19.479691666666664
108,1090,160.79999999999998,-18.083333333333332,"F569",-101,105,"R  ","II",32,*,15.6, ,16.6, ,17.3,:," ",265,269,265.61,35.25,, ,0,6,17.4,2,C,, ,161.41094833333332,-18.34675472222222
109,1146,164.7,-22.449999999999996,"F569",95,-131,"R  ","I?",162,:,15.8, ,17.0, ,17.7, ," ",69,33,272.17,33.49,0.141, ,3,6,17.4,2,C,1,O,165.3106597222222,-22.718950277777775
110,1160,165.67499999999998,-18.699999999999996,"F570",-122,71,"IR:","III",68, ,18.4,:,18.6,:,19.2,?," ",286,235,270.87,37.2,, ,1,6,17.6,2,C,, ,166.29262277777775,-18.97013611111111
111,1161,165.72499999999997,-21.849999999999998,"F570",-117,-98,"I  ","III",53, ,16.6,?,17.0,?,17.8,:," ",281,66,272.82,34.47,, ,1,6,17.4,2,C,, ,166.33849138888885,-22.12019694444444
112,1163,165.825,-21.266666666666662,"F570",-110,-68,"R: ","II",85, ,16.1,?,17.0, ,17.8, ," ",274,96,272.58,35.03,, ,2,6,17.4,1,C,, ,166.43946972222219,-21.536980277777776
113,1165,165.95,-24.48333333333333,"F502",43,30,"R  ","I-II",50, ,17.8,?,18.9, ,19.2, ," ",121,194,274.53,32.25,, ,1,6,17.6,1,O,, ,166.56031083333332,-24.753793888888886
114,1181,166.67499999999998,-19.48333333333333,"F570",-68,29,"I  ","II-III",89, ,17.7, ,18.0, ,18.7, ," ",232,193,272.38,36.98,, ,2,6,17.5,1,C,, ,167.29327388888888,-19.754606666666664
115,1217,168.77499999999998,-24.98333333333333,"F503",-86,2,"RI ","I-II",73, ,16.9, ,18.1, ,19.3, ," ",250,166,277.52,32.94,, ,1,6,17.6,1,O,, ,169.39090527777776,-25.256729722222218
116,1233,169.825,-18.68333333333333,"F570",90,72,"R  ","I-II",69, ,17.3,?,17.9, ,18.7, ," ",74,236,275.28,39.05,, ,1,6,17.5,1,C,, ,170.44937666666664,-18.95764444444444
117,1300,172.34999999999997,-19.63333333333333,"F571",-47,20,"I  ","II-III",80, ,18.6, ,18.9, ,19.4, ," ",211,184,278.58,39.17,, ,2,6,17.6,1,C,, ,172.97785555555552,-19.90948194444444
118,1311,172.7,-23.816666666666663,"F503",107,64,"RI:","II:",25, ,18.3, ,18.4, ,18.8, ," ",57,228,280.94,35.42,, ,0,6,17.6,2,O,, ,173.3255869444444,-24.09303305555555
119,1347,174.825,-25.266666666666662,"F504",-60,-11,"RI ","I",47,:,15.1, ,15.5, ,16.8, ," ",224,153,283.77,34.72,, ,0,5,17.2,1,O,, ,175.45443388888887,-25.544101944444442
120,1352,174.87499999999997,-21.199999999999996,"F571",79,-64,"I  ","III",95, ,18.9, ,19.1, ,19.7, ," ",85,100,282.15,38.58,, ,2,6,17.6,1,C,, ,175.50651944444442,-21.477450277777773
121,1418,178.325,-18.349999999999998,"F572",-11,89,"R  ","II",60, ,16.3, ,16.8, ,17.7,:," ",175,253,285.02,42.3,, ,1,6,17.4,1,C,, ,178.96344166666665,-18.62834833333333
122,1440,179.52499999999998,-23.13333333333333,"F505",-100,102,"IR ","I-II",44, ,17.7, ,18.4, ,19.1, ," ",264,266,288.11,37.99,, ,0,6,17.6,1,O,1,C,180.1653222222222,-23.411766388888886
123,1450,180.14999999999998,-23.03333333333333,"F505",-69,107,"R  ","II",83, ,17.2,:,18.0, ,19.0, ," ",233,271,288.79,38.23,, ,2,6,17.6,1,O,1,C,180.7916261111111,-23.311757777777775
124,1451,180.22499999999997,-21.266666666666662,"F572",83,-68,"R  ","II-III",155, ,17.9, ,18.4, ,18.9, ," ",81,96,288.33,39.96,, ,3,6,17.5,1,C,, ,180.8666869444444,-21.545085277777776
125,1511,183.52499999999998,-18.966666666666665,"F573",-12,56,"R  ","II-III",97, ,15.9, ,16.6, ,17.5, ," ",176,220,291.72,42.87,, ,2,6,17.4,1,C,, ,184.17212611111108,-19.244466666666664
126,1537,185.99999999999997,-25.549999999999997,"F506",-49,-29,"RI:","II",49,:,18.3, ,18.7, ,19.3, ," ",213,135,295.97,36.71,, ,0,6,17.6,1,C,1,O,186.65541694444443,-25.82674222222222
127,1584,189.57499999999996,-18.349999999999998,"F574",27,89,"I  ","II-III",53, ,16.7, ,16.8, ,18.0, ," ",137,253,299.47,44.18,, ,1,6,17.5,1,O,, ,190.23167277777776,-18.62427861111111
128,1604,190.32499999999996,-22.849999999999998,"F507",-110,115,"R  ","II",53,:,17.0, ,17.6, ,18.3, ," ",274,279,300.7,39.72,, ,1,6,17.5,2,O,1,C,190.98750388888885,-23.123632777777775
129,1625,192.12499999999997,-20.53333333333333,"F575",-109,-27,"I  ","II-III",12, ,16.0, ,16.3, ,16.9, ," ",273,137,302.85,42.07,, ,0,6,17.3,1,O,, ,192.7883233333333,-20.80521
130,1633,192.77499999999998,-26.13333333333333,"F507",10,-60,"R  ","I-II",100, ,18.1, ,18.6, ,19.5, ," ",154,104,303.59,36.46,, ,2,6,17.6,1,O,, ,193.44683888888886,-26.404515277777776
131,1644,193.64999999999998,-17.13333333333333,"F575",-33,155,"R  ","I",92,:,13.5, ,14.5, ,15.7, ," ",197,319,304.91,45.45,0.0449, ,2,4,16.1,1,O,, ,194.31157999999996,-17.403511111111108
132,1648,194.04999999999998,-26.349999999999998,"F507",72,-73,"IR ","I-II",13, ,15.1, ,15.9, ,16.7, ," ",92,91,305.01,36.22,, ,0,5,17.1,1,O,, ,194.72513999999998,-26.619708055555552
133,1664,195.17499999999998,-24.016666666666662,"F507",129,51,"R: ","II",88, ,16.0, ,17.4, ,18.0, ," ",35,215,306.42,38.51,, ,2,6,17.5,1,O,, ,195.8490594444444,-24.284961388888885
134,1699,198.04999999999998,-21.816666666666663,"F576",-74,-97,"RI ","II-III",114, ,15.8,?,17.3, ,18.0, ," ",238,67,310.09,40.46,, ,2,6,17.5,1,O,, ,198.72607027777775,-22.080884166666664
135,1709,199.02499999999998,-21.18333333333333,"F576",-26,-63,"I  ","II",0, ,14.7, ,15.3, ,16.0, ," ",190,101,311.39,40.98,, ,0,4,16.4,1,O,, ,199.70169694444442,-21.446016388888886
136,1727,200.34999999999997,-22.816666666666663,"F576",42,-151,"I  ","I",30,:,18.0, ,18.5, ,18.9, ," ",122,13,312.65,39.18,, ,0,6,17.6,1,O,1,C,201.0323308333333,-23.077142777777773
137,1732,200.59999999999997,-19.966666666666665,"F576",54,1,"RI ","I-II",116, ,17.0, ,18.3, ,18.6, ," ",110,165,313.58,41.95,, ,2,6,17.5,1,O,, ,201.2770858333333,-20.226711111111108
138,1736,201.07499999999996,-26.899999999999995,"F509",-115,-107,"IR ","II",104,:,13.0, ,13.9, ,14.9, ," ",279,57,312.63,35.04,0.035, ,2,3,15.3,1,C,2,O,201.7675597222222,-27.159207777777773
139,1757,202.69999999999996,-23.03333333333333,"F509",-44,106,"I  ","III",50, ,18.5, ,18.7, ,19.3, ," ",208,270,315.33,38.57,, ,1,6,17.6,1,C,, ,203.38730805555554,-23.28955222222222
140,1771,204.84999999999997,-26.03333333333333,"F509",63,-54,"I  ","III",40, ,17.5, ,17.6, ,18.3, ," ",101,110,316.89,35.21,, ,0,6,17.5,1,C,, ,205.54891444444442,-26.28527583333333
141,1791,206.49999999999997,-25.199999999999996,"F510",-123,-9,"RI ","I",69,:,16.1,?,17.0,:,17.5,:," ",287,155,318.91,35.64,, ,1,6,17.4,1,O,1,C,207.2001983333333,-25.44842194444444
142,1794,206.94999999999996,-26.149999999999995,"F510",-101,-60,"IR ","II",92, ,15.5, ,16.4, ,16.8, ," ",265,104,319.08,34.61,, ,2,5,17.2,1,O,, ,207.65373499999998,-26.397423888888884
143,1802,207.12499999999997,-26.499999999999996,"F510",-92,-79,"RI ","I",93, ,15.4, ,16.1, ,17.5, ," ",256,85,319.14,34.23,, ,2,6,17.4,1,O,, ,207.83008805555554,-26.747031666666665
144,1816,208.22499999999997,-26.116666666666664,"F510",-40,-58,"I  ","II",85, ,16.3,*,18.0, ,18.4, ," ",204,106,320.42,34.32,, ,2,6,17.5,1,O,, ,208.93134138888885,-26.36118472222222
145,1822,208.94999999999996,-25.166666666666664,"F510",-5,-7,"R  ","I-II",110, ,17.5, ,18.2, ,18.8, ," ",169,157,321.53,35.03,, ,2,6,17.5,1,O,, ,209.65507249999996,-25.409479999999995
146,1846,210.24999999999997,-25.166666666666664,"F510",59,-8,"R  ","I-II",35, ,12.9,*,16.6, ,18.0, ," ",105,156,322.88,34.65,, ,0,6,17.5,1,O,, ,210.9576583333333,-25.406322499999998
147,1853,210.69999999999996,-19.53333333333333,"F578",34,26,"R  ","I-II",50, ,15.9, ,17.0, ,17.5, ," ",130,190,325.84,39.78,, ,1,6,17.4,1,O,, ,211.39197555555552,-19.77187972222222
148,1857,211.39999999999998,-24.449999999999996,"F510",114,29,"RI ","II",73, ,16.6, ,17.5, ,17.6, ," ",50,193,324.38,34.96,, ,1,6,17.4,1,O,, ,212.10768555555552,-24.686761666666662
149,1883,213.22499999999997,-23.08333333333333,"F511",-65,103,"I  ","II-III",83, ,18.0, ,18.1, ,19.4, ," ",229,267,326.9,35.6,, ,2,6,17.6,1,O,, ,213.93169888888886,-23.315307777777775
150,1924,217.17499999999998,-22.18333333333333,"F579",94,-116,"RI:","II",85, ,15.8,:,17.1, ,17.8, ," ",70,48,331.41,34.87,, ,2,6,17.4,4,O,, ,217.8852472222222,-22.40414222222222
151,1935,218.19999999999996,-19.199999999999996,"F580",-119,41,"IR:","II",94,:,15.2, ,17.2,:,18.8,:," ",283,205,334.19,37.05,, ,2,6,17.6,2,O,, ,218.90150277777775,-19.417748333333332
152,1945,219.34999999999997,-22.099999999999998,"F580",-61,-111,"I  ","II-III",48, ,17.8, ,17.8, ,18.5,:," ",225,53,333.61,34.0,, ,0,6,17.6,2,O,, ,220.06332444444442,-22.3142075
153,1977,222.34999999999997,-24.316666666666663,"F512",111,37,"R  ","II-III",96, ,17.0, ,17.2, ,17.7, ," ",53,201,335.11,30.69,, ,2,6,17.4,2,O,, ,223.0764622222222,-24.521252777777775
154,1981,222.62499999999997,-24.199999999999996,"F512",125,45,"RI ","II",53, ,16.8, ,16.8, ,18.3, ," ",39,209,335.43,30.66,, ,1,6,17.5,2,O,, ,223.35143972222218,-24.40367694444444
155,1996,223.64999999999998,-23.716666666666665,"F513",-92,69,"R  ","I",38, ,15.7, ,17.5, ,18.0, ," ",256,233,336.65,30.58,, ,0,6,17.5,1,O,, ,224.37610805555553,-23.91691472222222
156,2325,306.775,-25.149999999999995,"F528",-63,-6,"RI ","I-II",47, ,15.3, ,16.0, ,17.3, ," ",227,158,19.07,-31.95,, ,0,5,17.1,1,O,, ,307.51955111111107,-24.981855277777775
157,2328,311.34999999999997,-17.999999999999996,"F597",79,107,"R  ","I",46, ,15.9, ,16.8, ,17.5, ," ",85,271,28.78,-33.56,0.147, ,0,5,17.1,1,O,, ,312.05791722222216,-17.814759166666665
158,2330,313.69999999999993,-22.23333333333333,"F598",-67,-119,"I  ","III",102,?,16.7, ,17.0, ,18.0, ," ",231,45,24.82,-37.08,0.1138, ,2,5,17.1,1,O,2,C,314.42213749999996,-22.039696388888885
159,2332,314.19999999999993,-17.116666666666664,"F598",-43,155,"R  ","II",36, ,17.7, ,18.6, ,18.7, ," ",207,319,30.99,-35.76,, ,0,5,17.2,1,O,, ,314.9014780555555,-16.921330833333332
160,2333,314.49999999999994,-19.449999999999996,"F598",-27,30,"RI ","II",55, ,16.4, ,16.8, ,17.5, ," ",191,194,28.41,-36.87,, ,1,5,17.1,1,O,, ,315.21006472222217,-19.25361111111111
161,2334,315.32499999999993,-25.48333333333333,"F529",86,-22,"R  ","II:",111, ,18.0, ,18.5, ,19.1, ," ",78,142,21.41,-39.45,, ,2,6,17.4,2,C,, ,316.05802722222217,-25.284078888888885
162,2335,315.82499999999993,-21.999999999999996,"F598",39,-106,"R  ","I",121,?,17.3, ,17.8, ,18.4, ," ",125,58,25.88,-38.88,, ,2,5,17.2,1,O,3,C,316.54323416666665,-21.799083611111108
163,2336,316.15,-21.38333333333333,"F598",55,-73,"RI ","II",111, ,17.8, ,18.0, ,18.9, ," ",109,91,26.75,-38.97,, ,2,5,17.2,1,O,, ,316.8653886111111,-21.18133194444444
164,2337,318.65,-22.58333333333333,"F530",-23,132,"I  ","II-III?",35, ,17.3, ,17.6, ,18.4, ," ",187,296,26.19,-41.54,, ,0,6,17.3,1,C,, ,319.36630999999994,-22.37316222222222
165,2338,319.47499999999997,-26.316666666666663,"F530",22,-70,"I  ","II:",45, ,16.0,?,16.8, ,17.7, ," ",142,94,21.6,-43.27,, ,0,5,17.2,1,C,, ,320.2041394444444,-26.103864166666664
166,2339,319.525,-21.666666666666664,"F599",-40,-89,"RI ","II",26, ,15.8, ,16.8, ,17.4, ," ",204,75,27.7,-42.04,0.1128, ,0,5,17.2,1,O,, ,320.23663083333327,-21.453739166666665
167,2341,319.69999999999993,-23.416666666666664,"F530",29,88,"R  ","II-III",60, ,16.3, ,16.8,?,18.0, ," ",135,252,25.5,-42.71,, ,1,6,17.3,1,C,, ,320.4177594444444,-23.20318083333333
168,2344,320.72499999999997,-20.999999999999996,"F599",19,-53,"R  ","II",52, ,16.1, ,18.0, ,19.1, ," ",145,111,29.03,-42.89,0.1447, ,1,6,17.4,1,O,, ,321.43250638888884,-20.783368611111108
169,2347,321.69999999999993,-22.48333333333333,"F599",66,-132,"RI?","I",35, ,15.8, ,16.8, ,17.6, ," ",98,32,27.46,-44.21,0.1196, ,0,5,17.2,1,O,1,C,322.4112111111111,-22.263749444444443
170,2357,323.47499999999997,-23.48333333333333,"F531",-54,83,"RI:","III",45, ,16.7, ,17.0, ,17.7, ," ",218,247,26.75,-46.06,, ,0,5,17.2,1,C,1,O,324.18674527777773,-23.25854972222222
171,2364,324.79999999999995,-20.549999999999997,"F600",-39,-28,"I  ","II-III",45, ,16.7, ,17.5, ,18.1, ," ",203,136,31.33,-46.36,, ,0,6,17.3,1,O,, ,325.5000169444444,-20.32149583333333
172,2365,325.04999999999995,-18.916666666666664,"F600",-26,59,"R  ","II",59, ,15.5,*,18.1, ,19.2, ," ",190,223,33.67,-46.04,, ,1,6,17.4,1,O,, ,325.7445666666666,-18.68747972222222
173,2369,325.49999999999994,-18.583333333333332,"F600",-3,77,"R: ","I",21, ,18.0, ,18.6, ,19.1, ," ",167,241,34.33,-46.32,, ,0,6,17.4,1,O,, ,326.1929380555555,-18.352914166666665
174,2370,325.54999999999995,-19.78333333333333,"F600",-1,13,"I  ","II-III",31, ,15.6, ,16.0, ,16.8, ," ",165,177,32.71,-46.78,, ,0,5,17.0,1,O,, ,326.24652888888886,-19.552771666666665
175,2372,325.62499999999994,-20.216666666666665,"F600",2,-11,"RI ","I",42, ,14.8, ,15.7, ,16.6, ," ",162,153,32.15,-46.99,, ,0,5,16.8,1,O,, ,326.32275222222216,-19.985898611111107
176,2371,325.62499999999994,-24.43333333333333,"F531",49,36,"I  ","III",59, ,16.5, ,17.0, ,17.6, ," ",115,200,26.16,-48.2,, ,1,5,17.2,1,C,1,O,326.3361275,-24.202542777777776
177,2375,325.79999999999995,-19.38333333333333,"F600",12,34,"RI ","II",60, ,16.1, ,17.5, ,18.7, ," ",152,198,33.38,-46.87,, ,1,6,17.3,1,O,, ,326.4949502777777,-19.152095277777775
178,2378,326.12499999999994,-20.23333333333333,"F600",28,-12,"RI ","II",8, ,15.4, ,16.4, ,16.7, ," ",136,152,32.35,-47.44,, ,0,5,16.9,1,O,, ,326.8220616666666,-20.001215277777774
179,2383,327.29999999999995,-21.449999999999996,"F600",86,-78,"RI?","II",5, ,17.1, ,17.4, ,17.8, ," ",78,86,31.13,-48.86,, ,0,5,17.2,2,O,, ,327.99891611111104,-21.21477333333333
180,2384,327.4,-19.78333333333333,"F600",92,12,"R  ","II",72, ,15.8, ,16.2, ,17.2, ," ",72,176,33.57,-48.42,0.0943, ,1,5,17.2,2,O,, ,328.0938322222222,-19.547855555555554
181,2385,327.54999999999995,-23.816666666666663,"F532",-125,64,"I  ","II-III",44, ,17.4, ,17.8, ,18.6, ," ",289,228,27.75,-49.74,, ,0,6,17.3,2,C,1,O,328.25567138888886,-23.580781111111108
182,2394,328.19999999999993,-19.48333333333333,"F600",133,27,"RI ","II:",27, ,15.4, ,16.0, ,17.8, ," ",31,191,34.38,-49.03,, ,0,5,17.2,2,O,, ,328.8917933333333,-19.245806666666663
183,2401,328.9,-20.349999999999998,"F601",-96,-17,"I  ","I",66, ,14.5, ,15.1, ,15.6, ," ",260,147,33.45,-49.94,, ,1,4,15.8,1,O,, ,329.5931983333333,-20.11071333333333
184,2403,329.09999999999997,-18.466666666666665,"F601",-87,84,"I  ","II",43, ,16.7, ,17.8, ,19.4, ," ",251,248,36.29,-49.48,, ,0,6,17.4,1,O,, ,329.78766999999993,-18.22689333333333
185,2405,329.22499999999997,-18.049999999999997,"F601",-80,107,"R  ","I",-4, ,13.9, ,15.2, ,16.5, ," ",244,271,36.96,-49.44,, ,0,5,16.7,1,O,, ,329.9113608333333,-17.809920555555554
186,2412,330.32499999999993,-21.68333333333333,"F601",-24,-88,"R  ","I-II",23, ,15.3, ,16.0, ,16.1, ," ",188,76,32.1,-51.61,0.0735, ,0,4,16.3,1,O,, ,331.0196183333333,-21.440576666666665
187,2416,330.525,-25.499999999999996,"F532",21,-23,"R  ","II?",65, ,17.9, ,18.5, ,19.3, ," ",143,141,26.15,-52.77,, ,1,6,17.4,1,C,, ,331.23000888888885,-25.256752222222218
188,2417,331.17499999999995,-24.666666666666664,"F532",51,22,"I  ","II-III",64, ,16.7,?,17.3, ,18.5, ," ",113,186,27.72,-53.16,, ,1,6,17.3,1,C,, ,331.8763472222222,-24.42190222222222
189,2418,331.59999999999997,-26.349999999999998,"F532",72,-68,"I  ","III?",53, ,17.3,?,17.9,?,18.9, ," ",92,96,25.09,-53.89,, ,1,6,17.3,1,C,, ,332.3052241666666,-26.104251388888887
190,2427,333.15,-24.166666666666664,"F533",-116,45,"R  ","III",55, ,18.6,?,18.8,:,19.4, ," ",280,209,29.27,-54.79,, ,1,6,17.4,2,C,, ,333.8461508333333,-23.917478611111108
191,2444,336.24999999999994,-24.08333333333333,"F533",35,50,"RI ","II-III:",53,),18.7, ,19.1, ,19.8, ," ",129,214,30.62,-57.51,0.324, ,1,6,17.4,1,C,, ,336.9398608333333,-23.827796388888885
192,2461,339.12499999999994,-21.333333333333332,"F603",-111,-70,"I  ","II",39, ,16.8, ,18.0, ,18.5, ," ",275,94,37.06,-59.32,, ,0,6,17.3,1,O,, ,339.80360638888885,-21.07258305555555
193,2462,339.12499999999994,-17.599999999999998,"F603",-112,130,"RI ","I-II",32, ,14.9, ,15.9, ,17.4, ," ",276,294,43.76,-57.98,0.0698, ,0,5,17.2,1,O,, ,339.79645972222215,-17.33926083333333
194,2466,339.44999999999993,-21.199999999999996,"F603",-94,-62,"I: ","I-II",37, ,17.3, ,18.1, ,18.5, ," ",258,102,37.49,-59.56,, ,0,6,17.3,1,O,, ,340.1277744444444,-20.938700833333332
195,2474,340.09999999999997,-20.449999999999996,"F603",-62,-21,"I  ","I-II",108, ,16.1, ,16.8, ,18.0, ," ",226,143,39.29,-59.89,, ,2,6,17.3,1,O,, ,340.7752358333333,-20.187629444444443
196,2477,340.32499999999993,-17.38333333333333,"F603",-51,142,"I  ","II",72, ,17.3, ,17.5, ,18.4, ," ",215,306,45.03,-58.94,, ,1,6,17.3,1,O,, ,340.9943497222222,-17.12060722222222
197,2478,340.47499999999997,-17.999999999999996,"F603",-44,110,"R  ","I",64, ,16.1, ,17.8, ,18.4, ," ",208,274,44.05,-59.32,, ,1,6,17.3,1,O,, ,341.14521888888885,-17.737031944444443
198,2480,340.87499999999994,-17.966666666666665,"F603",-23,112,"RI ","II",108, ,15.0, ,16.0, ,16.8, ," ",187,276,44.41,-59.65,, ,2,5,17.0,1,O,, ,341.5445680555555,-17.703066666666665
199,2481,341.025,-21.916666666666664,"F603",-15,-100,"R  ","I",55,:,16.1, ,16.8, ,19.1, ," ",179,64,37.02,-61.18,, ,1,6,17.4,1,O,, ,341.70127499999995,-21.65282222222222
200,2488,341.67499999999995,-23.799999999999997,"F534",31,66,"IR ","III",68, ,17.4, ,18.3, ,19.1, ," ",133,230,33.53,-62.26,, ,1,6,17.4,1,O,, ,342.3533955555555,-23.535159166666663
201,2487,341.69999999999993,-21.249999999999996,"F603",19,-65,"I  ","II",61, ,17.3, ,18.0, ,19.1, ," ",145,99,38.74,-61.57,, ,1,6,17.4,1,O,, ,342.3738772222222,-20.985128333333332
202,2492,341.94999999999993,-19.499999999999996,"F603",32,29,"R  ","I",62, ,14.7, ,15.4, ,16.1, ," ",132,193,42.34,-61.19,, ,1,4,16.3,1,O,, ,342.6204927777777,-19.23476083333333
203,2493,342.025,-26.349999999999998,"F534",46,-71,"I  ","I-II",34, ,15.9, ,16.7, ,18.3, ," ",118,93,28.23,-63.08,, ,0,6,17.3,1,O,, ,342.7072486111111,-26.084632777777774
204,2497,342.12499999999994,-20.38333333333333,"F603",40,-18,"I  ","I-II",35, ,16.8, ,18.1, ,18.6, ," ",124,146,40.74,-61.65,, ,0,6,17.3,1,O,, ,342.79666805555553,-20.11783472222222
205,2499,342.54999999999995,-26.28333333333333,"F534",71,-68,"I  ","II",48, ,17.5, ,18.0, ,18.6, ," ",93,96,28.54,-63.54,, ,0,6,17.3,1,O,, ,343.2309311111111,-26.017205277777773
206,2500,342.69999999999993,-25.816666666666663,"F534",79,-43,"RI ","II",56, ,15.9, ,17.3, ,18.1, ," ",85,121,29.62,-63.59,, ,1,6,17.3,1,O,, ,343.3797722222222,-25.550326666666663
207,2509,343.79999999999995,-22.016666666666662,"F603",123,-107,"R  ","II",61,:,17.3, ,18.4,:,19.4, ," ",41,57,38.48,-63.66,0.2306, ,1,6,17.4,2,O,1,C,344.47128027777774,-21.748826666666663
208,2514,344.44999999999993,-23.516666666666662,"F535",-104,80,"I  ","III",31, ,17.5, ,19.1, ,19.3, ," ",268,244,35.55,-64.65,, ,0,6,17.4,2,O,, ,345.12230138888884,-23.247977777777773
209,2518,344.525,-24.399999999999995,"F535",-99,32,"I  ","II-III",43, ,16.3, ,16.9, ,18.0, ," ",263,196,33.58,-64.93,0.1351, ,0,6,17.3,1,O,, ,345.19848777777776,-24.131213888888887
210,2521,344.87499999999994,-22.299999999999997,"F604",-83,-123,"R  ","I-II",85, ,16.4, ,17.3, ,18.0, ," ",247,41,38.54,-64.7,0.1359, ,2,5,17.2,1,C,1,O,345.5446647222222,-22.03077972222222
211,2523,345.24999999999994,-17.45,"F604",-67,-42,"I: ","II-III",84, ,15.6, ,16.0, ,17.1, ," ",231,122,49.1,-63.21,, ,2,5,17.2,1,C,, ,345.9123219444444,-17.180331388888888
212,2526,345.42499999999995,-24.366666666666664,"F535",-55,34,"IR ","II",26, ,16.0, ,18.1, ,18.6, ," ",219,198,34.09,-65.72,, ,0,6,17.3,1,O,, ,346.09653249999997,-24.096772499999997
213,2527,345.67499999999995,-25.599999999999998,"F535",-42,-32,"I  ","I-II",-9, ,17.5, ,19.2, ,19.4, ," ",206,132,31.24,-66.19,, ,0,6,17.4,1,O,, ,346.34776027777775,-25.329807222222218
214,2528,345.72499999999997,-21.666666666666664,"F604",-41,-89,"R  ","II",72, ,15.3, ,16.1, ,17.2, ," ",205,75,40.54,-65.25,0.0955, ,1,5,17.2,1,C,, ,346.3921744444444,-21.396423888888886
215,2531,346.04999999999995,-21.949999999999996,"F604",-24,-104,"RI:","II:",60, ,17.5, ,17.5, ,18.6, ," ",188,60,40.12,-65.63,0.1741, ,1,6,17.3,1,C,1,O,346.7169441666666,-21.679380555555554
216,2534,346.24999999999994,-22.98333333333333,"F535",-14,108,"R? ","II?",126, ,16.0, ,17.7, ,18.9, ," ",178,272,37.84,-66.11,0.1976, ,2,6,17.4,1,O,1,C,346.9179263888888,-22.712484999999997
217,2536,346.275,-22.73333333333333,"F535",-13,122,"RI?","II-III?",58, ,17.3, ,17.9, ,18.7, ," ",177,286,38.45,-66.06,0.1971, ,1,6,17.3,1,O,1,C,346.9425461111111,-22.46245722222222
218,2538,346.47499999999997,-20.18333333333333,"F604",-4,-8,"R  ","II-III",83, ,14.9, ,15.3, ,15.9, ," ",168,156,44.46,-65.39,0.0817, ,2,4,16.1,1,C,, ,347.13889527777775,-19.912239166666662
219,2539,346.525,-21.799999999999997,"F604",-2,-95,"I  ","II-III",52, ,15.2, ,15.7, ,16.3, ," ",166,69,40.81,-66.0,0.1735, ,1,5,16.5,1,C,, ,347.1908530555555,-21.52884722222222
220,2540,346.69999999999993,-22.43333333333333,"F604",6,-131,"R  ","III",46, ,16.0, ,16.8, ,18.3, ," ",158,33,39.44,-66.35,0.1297, ,0,6,17.3,1,C,1,O,347.36632638888887,-22.1619875
221,2542,346.84999999999997,-24.766666666666662,"F535",15,13,"I  ","II-III",44, ,13.7,*,17.0, ,18.3, ," ",149,177,33.82,-67.08,0.1603, ,0,6,17.3,1,O,, ,347.5190222222222,-24.495153611111107
222,2541,346.92499999999995,-23.23333333333333,"F535",19,95,"RI ","I-II",76, ,15.3,*,16.7, ,17.5, ," ",145,259,37.66,-66.77,0.1018, ,1,5,17.2,1,O,, ,347.5918958333333,-22.961742777777776
223,2546,346.99999999999994,-22.93333333333333,"F535",23,111,"IR ","III?",62, ,16.8, ,16.9, ,17.9, ," ",141,275,38.44,-66.76,0.1119, ,1,5,17.2,1,O,1,C,347.6663675,-22.66166333333333
224,2547,347.04999999999995,-21.416666666666664,"F604",23,-75,"R: ","II-III",127, ,17.1, ,17.6, ,18.2, ," ",141,89,42.1,-66.33,0.1492, ,2,6,17.3,1,C,, ,347.7143955555555,-21.144946388888886
225,2548,347.15,-20.73333333333333,"F604",29,-39,"I  ","III",38, ,14.8, ,15.4, ,16.1, ," ",135,125,43.78,-66.18,0.1101, ,0,4,16.3,1,C,, ,347.8133861111111,-20.461508888888886
226,2550,347.22499999999997,-22.049999999999997,"F604",34,-108,"R  ","II-III",84,:,16.5, ,17.6,:,18.3, ," ",130,56,40.73,-66.69,0.1543, ,2,6,17.3,1,C,1,O,347.8898386111111,-21.778094166666662
227,2553,347.4,-25.23333333333333,"F535",43,-12,"R  ","I-II",83, ,17.5, ,18.1, ,18.7, ," ",121,152,32.9,-67.66,, ,2,6,17.3,1,O,, ,348.0684108333333,-24.96123944444444
228,2554,347.42499999999995,-21.816666666666663,"F604",42,-94,"RI:","I-II",100,:,15.7, ,16.3, ,17.2, ," ",122,70,41.44,-66.79,0.106, ,2,5,17.2,1,C,1,O,348.0891777777777,-21.544553888888885
229,2555,347.54999999999995,-22.48333333333333,"F604",48,-133,"RI ","I-II",63,:,16.0, ,17.1,:,17.8, ," ",116,31,39.92,-67.11,0.1385, ,1,5,17.2,1,C,1,O,348.21473222222215,-22.21109111111111
230,2557,347.59999999999997,-17.249999999999996,"F604",53,147,"R: ","II:",64, ,17.0, ,17.5, ,18.8, ," ",111,311,51.88,-65.11,, ,1,6,17.3,1,C,, ,348.25863166666664,-16.97771722222222
231,2556,347.62499999999994,-21.916666666666664,"F604",51,-102,"R  ","I",65, ,14.6,:,16.0, ,16.9, ," ",113,62,41.36,-67.0,0.0865, ,1,5,17.1,1,C,, ,348.28891749999997,-21.64434944444444
232,2565,348.275,-21.449999999999996,"F604",85,-77,"I  ","III",65, ,16.0, ,16.2, ,16.7, ," ",79,87,43.01,-67.42,0.1271, ,1,5,16.9,1,C,, ,348.93716388888885,-21.177042499999995
233,2566,348.4,-20.766666666666662,"F604",90,-39,"I  ","II",67, ,15.2,?,15.9, ,16.4, ," ",74,125,44.78,-67.28,0.0821, ,1,5,16.6,1,C,, ,349.0611877777777,-20.493591111111108
234,2568,348.62499999999994,-22.466666666666665,"F604",102,-133,"I  ","II-III",42, ,15.8, ,17.0,:,17.9, ," ",62,31,40.75,-68.05,0.1398, ,0,5,17.2,2,C,1,O,349.28761027777773,-22.193376666666662
235,2576,349.24999999999994,-22.749999999999996,"F535",135,120,"R  ","III",56, ,17.4, ,18.1, ,18.5, ," ",29,284,40.49,-68.69,, ,1,6,17.3,2,O,2,C,349.91167611111103,-22.47614444444444
236,2575,349.275,-22.316666666666663,"F605",-126,-123,"RI:","III",40,:,17.4,:,18.8, ,19.4, ," ",290,41,41.64,-68.58,, ,0,6,17.4,2,C,2,O,349.93618222222216,-22.042789999999997
237,2577,349.525,-23.266666666666662,"F536",-124,92,"R  ","I-II",48, ,16.0, ,16.8, ,18.0, ," ",288,256,39.32,-69.08,, ,0,6,17.3,2,O,, ,350.18664888888884,-22.992571666666663
238,2579,349.65,-21.866666666666664,"F605",-108,-97,"IR:","II",81,:,15.6,:,16.3,:,17.4, ," ",272,67,43.12,-68.76,, ,2,5,17.2,2,C,, ,350.31000888888883,-21.592468055555553
239,2580,349.69999999999993,-23.48333333333333,"F536",-115,81,"R  ","I",77, ,15.1,:,17.1, ,18.3, ," ",279,245,38.86,-69.29,, ,1,6,17.3,2,O,, ,350.3615069444444,-23.20908972222222
240,2581,349.775,-17.266666666666666,"F605",-104,152,"I  ","II-III",45,*,18.1, ,18.6, ,19.1, ," ",268,316,54.34,-66.93,, ,0,6,17.4,2,C,, ,350.4304505555555,-16.992371388888888
241,2583,349.87499999999994,-20.73333333333333,"F605",-96,-35,"R  ","III",49, ,16.5, ,16.7, ,17.4, ," ",260,129,46.24,-68.55,, ,0,5,17.2,1,C,, ,350.5335030555555,-20.458948888888887
242,2585,350.07499999999993,-26.566666666666663,"F536",-94,-85,"I  ","I-II",50, ,16.4, ,16.6, ,18.1, ," ",258,79,30.31,-70.25,, ,1,6,17.3,1,O,, ,350.73876499999994,-26.29210833333333
243,2587,350.17499999999995,-22.716666666666665,"F536",-92,123,"I  ","III",51,?,17.5,?,18.3,:,19.1, ," ",256,287,41.3,-69.49,, ,1,6,17.4,1,O,1,C,350.8348005555555,-22.44203444444444
244,2586,350.17499999999995,-20.666666666666664,"F605",-82,-32,"I  ","II-III",39, ,16.4,?,16.7, ,17.6, ," ",246,132,46.7,-68.78,, ,0,5,17.2,1,C,, ,350.8329019444444,-20.392038055555552
245,2595,350.57499999999993,-20.833333333333332,"F605",-60,-42,"R  ","II-III",50, ,17.3,:,18.0, ,19.0, ," ",224,122,46.68,-69.19,, ,1,6,17.3,1,C,, ,351.2323297222222,-20.55839083333333
246,2596,350.59999999999997,-23.68333333333333,"F536",-71,71,"RI ","I-II",46, ,15.5, ,16.1, ,17.0, ," ",235,235,38.94,-70.14,, ,0,5,17.2,1,O,, ,351.25982722222216,-23.408366666666662
247,2600,350.99999999999994,-22.699999999999996,"F536",-51,124,"I  ","III",50, ,15.5, ,16.0, ,17.0, ," ",215,288,42.03,-70.21,, ,1,5,17.1,1,O,1,C,351.6581402777777,-22.424735555555554
248,2599,351.04999999999995,-24.13333333333333,"F536",-49,47,"RI ","II",84,:,15.4, ,15.6, ,16.6, ," ",213,211,37.95,-70.66,, ,2,5,16.8,1,O,, ,351.7092769444444,-23.858029999999996
249,2601,351.07499999999993,-24.71666666666666,"F536",-48,16,"I  ","II-III",54, ,16.7, ,17.5, ,18.6, ," ",212,180,36.25,-70.81,, ,1,6,17.3,1,O,, ,351.7347327777777,-24.441344166666664
250,2603,351.32499999999993,-25.666666666666664,"F536",-35,-35,"RI ","I-II",43, ,16.1, ,18.0, ,18.4, ," ",199,129,33.52,-71.22,, ,0,6,17.3,1,O,, ,351.9849991666666,-25.391163611111107
251,2604,351.44999999999993,-22.849999999999998,"F536",-29,116,"R  ","III",-4, ,17.3,?,17.8,?,18.7,:," ",193,280,41.98,-70.65,, ,0,6,17.3,1,O,1,C,352.1073638888888,-22.574414444444443
252,2605,351.62499999999994,-23.699999999999996,"F536",-21,70,"RI ","I-II",42, ,15.3, ,16.0, ,17.4, ," ",185,234,39.64,-71.05,, ,0,5,17.2,1,O,, ,352.2826947222222,-23.424292777777776
253,2606,351.69999999999993,-21.416666666666664,"F605",-4,-76,"I  ","II?",61, ,17.3,?,18.1,?,19.2, ," ",168,88,46.26,-70.38,, ,1,6,17.4,1,C,, ,352.35573777777773,-21.140912499999995
254,2609,351.92499999999995,-26.416666666666664,"F536",-5,-76,"RI ","I-II",73, ,15.9, ,17.4, ,17.8, ," ",169,88,31.44,-71.87,, ,1,5,17.2,1,O,, ,352.58422749999994,-26.14075472222222
255,2608,351.92499999999995,-21.966666666666665,"F605",6,-102,"IR ","III",57, ,17.3, ,17.6, ,18.2, ," ",158,62,44.95,-70.78,, ,1,6,17.3,1,C,, ,352.5807319444444,-21.690761944444443
256,2612,352.04999999999995,-18.949999999999996,"F605",12,120,"IR ","III:",85, ,18.4,:,19.0,:,19.6, ," ",152,284,53.21,-69.64,, ,2,6,17.4,1,C,, ,352.7032805555555,-18.674019166666664
257,2615,352.57499999999993,-23.799999999999997,"F536",26,64,"RI ","II-III",130, ,16.9, ,17.8, ,19.1, ," ",138,228,40.08,-71.92,, ,3,6,17.4,1,O,, ,353.2307708333333,-23.523684722222217
258,2614,352.62499999999994,-21.83333333333333,"F605",41,-96,"I  ","II?",9, ,17.9, ,18.8, ,19.6, ," ",123,68,46.04,-71.34,, ,0,6,17.4,1,C,, ,353.27928888888886,-21.556991388888886
259,2628,353.59999999999997,-24.466666666666665,"F536",76,28,"I  ","II-III",64, ,16.0, ,17.6, ,18.1, ," ",88,192,38.73,-72.99,, ,1,6,17.3,1,O,, ,354.2540136111111,-24.18977972222222
260,2629,353.79999999999995,-23.18333333333333,"F536",87,97,"I  ","II-III",83, ,17.5, ,18.0, ,18.9, ," ",77,261,43.1,-72.81,, ,2,6,17.3,1,O,, ,354.45281638888883,-22.90634722222222
261,2641,354.57499999999993,-25.166666666666664,"F536",122,-10,"IR:","II:",80, ,16.8, ,17.7, ,18.5, ," ",42,154,37.03,-74.01,, ,2,6,17.3,2,O,, ,355.2272483333333,-24.889317777777773
262,2655,355.47499999999997,-22.166666666666664,"F606",-78,-114,"RI "," ",-10, ,16.1, ,17.3, ,17.1, ," ",242,50,48.3,-73.91,, ,0,5,17.2,1,O,, ,356.1239441666666,-21.88896805555555
263,2660,355.72499999999997,-26.366666666666664,"F537",-88,-72,"I  ","II",20, ,14.9, ,15.4, ,16.1, ," ",252,92,33.22,-75.24,, ,0,4,16.3,1,O,, ,356.37514222222217,-26.088875555555553
264,2663,356.82499999999993,-25.03333333333333,"F537",-35,0,"R  ","I-II",63,:,17.7, ,18.4, ,19.0, ," ",199,164,39.23,-75.97,, ,1,6,17.4,2,O,, ,357.4721188888888,-24.755227222222217
265,2667,357.275,-26.33333333333333,"F537",-14,-71,"R  ","I-II",132, ,17.0, ,18.3, ,18.9,:," ",178,93,34.15,-76.61,, ,3,6,17.4,2,O,, ,357.9214305555555,-26.055125277777773
266,2679,358.17499999999995,-20.73333333333333,"F606",57,-38,"R: ","III",82, ,16.8, ,17.3, ,18.1, ," ",107,126,57.41,-75.54,, ,2,6,17.3,2,O,1,C,358.8184330555555,-20.454984166666662
267,2680,358.47499999999997,-21.316666666666663,"F606",72,-69,"R  ","III",185, ,16.8, ,17.8, ,18.5, ," ",92,95,55.9,-76.07,, ,3,6,17.3,1,O,1,C,359.11795361111103,-21.038282222222218
268,2682,358.72499999999997,-20.849999999999998,"F538",-66,-44,"I  ","III",96,?,15.4, ,16.0, ,17.1, ," ",230,120,58.06,-76.04,, ,2,5,17.1,1,C,1,O,359.36743999999993,-20.57159333333333
269,2681,358.74999999999994,-24.616666666666664,"F537",58,22,"RI:","II:",51,:,15.9, ,17.1, ,18.8, ," ",106,186,42.9,-77.56,, ,1,6,17.4,2,O,, ,359.39274249999994,-24.338252777777775
270,2683,358.74999999999994,-25.866666666666664,"F537",58,-45,"I: ","II-III",37, ,15.4, ,16.7, ,18.1, ," ",106,119,37.18,-77.84,, ,0,6,17.3,1,O,, ,359.3928625,-25.58825083333333
271,2685,358.94999999999993,-24.699999999999996,"F537",69,18,"R  ","I-II",44, ,15.5, ,17.0, ,18.2,:," ",95,182,42.75,-77.76,, ,0,5,17.2,2,O,, ,359.59230638888886,-24.42157194444444
272,2686,359.12499999999994,-21.049999999999997,"F538",-46,-55,"IR ","III",61, ,14.3,:,15.4, ,16.3, ," ",210,109,58.13,-76.46,0.1124, ,1,4,16.4,1,C,2,O,359.7667158333333,-20.771567499999996
273,2690,359.42499999999995,-25.48333333333333,"F472",-31,-24,"R  ","I",37, ,14.7, ,16.3, ,16.8, ," ",195,140,39.58,-78.36,, ,0,5,16.9,2,O,, ,0.06627249999999998,-25.204884166666663
274,2693,359.9,-19.866666666666664,"F538",-6,9,"RI:","II-III",61, ,17.0,:,17.8, ,18.4, ," ",170,173,64.05,-76.42,, ,1,6,17.3,2,O,, ,0.5403019444444443,-19.588224999999998
